Product Name,Category,Vendor,Price
[STICKY] 1000 Instagram REAL Followers $7 CHEAPEST ON MARKET,Social Engineering,ThePirateIsland,USD 6.95
[STICKY] Tiktok Followers x1000 HIGH QUALITY - EXTRA Delivery - Warranty,Social Engineering,KingAccount,USD 8.00
[STICKY] Reloadable VCC Services,Other,ThePirateIsland,USD 120.00
How to Cashout CC/CVV/FULLZ Tutorial for Beginners,Carding,h3exx,USD 1.00
[AUTO DISPATCH] 20 Methods To Cash out All CC To Bitcoins,Carding,LOSSANTOS,USD 0.99
‚ôö TOPMONEYMAKER 300+ PREMIUM NON VBV CARDABLE SITE,Carding,Color,USD 2.50
[AUTO DISPATCH] 2022 GUIDE Carding Monero [WORKING],Carding,Tuts4ever,USD 0.99
"[AUTO DISPATCH] 701,000 EMAIL AND PASSWORDS COMBOS BIG DATA LEAK",Other,trustar,USD 2.50
Instagram Followers x1000 HIGH QUALITY - EXTRA Delivery - Warranty,Social Engineering,KingAccount,USD 5.00
[AUTO DISPATCH] 2022 GUIDE SOCKS5/Proxy setup [WORKING],Carding,Tuts4ever,USD 0.99
[AUTO DISPATCH] Fraud Bible 2024 Ultra Velocity Edition+ carding Bible+Methods FULL PACK 44GB + VIDEO 2024,Carding,thebankster,USD 19.00
1000 Instagram LIKES $3 CHEAPEST ON MARKET,Social Engineering,ThePirateIsland,USD 2.95
[AUTO DISPATCH] How To Get Unlimited Uber Rides - ( Instant Delivery ),Other,LOSSANTOS,USD 2.99
Feedback listing for after purchases - Tip jar,Other,Norty,USD 0.01
16 Easily Cardable Shopify Sites Who Sells Gift C,Carding,h3exx,USD 4.00
20K TIKTOK VIEWS *** $3 + System Access,Other,blackmarket,USD 3.00
!! How to create a Phishing webpage !!,Other,h3exx,USD 1.00
*** NEW!! 1000 Spotify Premium Plays *** only $1,Other,blackmarket,USD 1.00
"[AUTO DISPATCH] Worldwide Phone number+residential ip adress to verify any account FB,gmail,bank,paypal",Other,thebankster,USD 5.00
NEW!!! 2000 TIKTOK Followers $16 + System Access,Other,blackmarket,USD 16.00
$$$ TIPS $$$,Other,holygh0st,USD 1.00
NEW!!! 2000 Telegram Channel Members $4 + System Access,Other,blackmarket,USD 4.00
NEW!!! 500 TIKTOK Followers $4 + System Access,Other,blackmarket,USD 4.00
The Complete Guide on How To Make Cocaine at Home,Other,TheWizards,USD 9.99
NEW!!! 1000 Telegram Channel Members $2 + System Access,Other,blackmarket,USD 2.00
!! How to create a Phishing webpage !!,Other,h3exx,USD 2.00
NEW!!! 2000 Instagram Followers $6 + system access,Other,blackmarket,USD 6.00
1000 Youtube Views $5 CHEAPEST ON MARKET,Social Engineering,ThePirateIsland,USD 4.95
[AUTO DISPATCH] 2022 GUIDE Carding in 1 lesson [WORKING],Carding,Tuts4ever,USD 0.99
[AUTO DISPATCH] STRIPE CC cashout detailed tutorial - $20k weekly,Carding,g3cko,USD 4.99
[AUTO DISPATCH] Squareup Cashout Tutorial - ( Instant Delivery ),Carding,LOSSANTOS,USD 0.99
Youtube ORGANIC SUBSCRIBERS x100 EXTRA Delivery - Warranty,Social Engineering,KingAccount,USD 8.00
[AUTO DISPATCH] NEW Method 2023-2024 ‚ôï Cashout your hacked credit cards + Begginer and advanced ATO Pack,Carding,thebankster,USD 25.00
[AUTO DISPATCH] CCleaner Professional - newest version,Carding,g3cko,USD 1.98
Offshore ANONYMOUS / NONAME PREPAID CARDS link,Carding,fullzipp,USD 10.00
Facebook Page Followers + Likes x1000 Cheapest on Market,Social Engineering,ThePirateIsland,USD 7.49
Snapchat Account and Password Hacker,Social Engineering,TheWizards,USD 10.00
Tiktok x500 Followers Cheapest on Market,Social Engineering,ThePirateIsland,USD 6.95
50K TIKTOK VIEWS *** $7.50 + System Access,Other,blackmarket,USD 7.50
10K TIKTOK VIEWS *** $1.50 + System Access,Other,blackmarket,USD 1.50
NEW!!! 1000 youtube Views $3 + System Access,Other,blackmarket,USD 3.00
[AUTO DISPATCH] TIP JAR - Thank you! *dannyboys*,Other,dannyboys,USD 1.00
*** NEW!! 2000 Spotify Premium Plays *** only $2,Other,blackmarket,USD 2.00
Earn Some $ by Surfing Online,Other,Color,USD 1.08
Cialis 20mg x 100 ( Tadalafif) - Tadarise Pro,Other,eurobolenpharmacies,USD 167.85
‚ù§Ô∏è Tips \ Trinkgeld ‚ù§Ô∏è,Other,fionasbioshop,USD 2.17
"Find Vehicle Owner Identity and Address with State, License Plate ID and/or VIN (US)",Other,dannyboys,USD 95.00
NEW!!! 3000 Instagram Followers $9 + system access,Other,blackmarket,USD 9.00
custom order DeepFake,Other,NetHN22,USD 100.00
*** NEW!! 5000 Spotify Premium Plays *** only $5,Other,blackmarket,USD 5.00
NEW!!! 1000 TIKTOK Followers $8 + System Access,Other,blackmarket,USD 8.00
tip jar,Other,imyouridguy,USD 1.00
[AUTO DISPATCH] 2022 GUIDE Carding BTC via Cash App [WORKING],Carding,Tuts4ever,USD 0.99
2000 Instagram LIKES $6 CHEAPEST ON MARKET,Social Engineering,ThePirateIsland,USD 5.95
NEW!!! 1000 Instagram Followers $3 + system access,Social Engineering,blackmarket,USD 3.00
Telegram 1000 Post Views (Last 10 posts) $6 CHEAPEST ON MARKET,Social Engineering,ThePirateIsland,USD 5.95
[AUTO DISPATCH] Microsoft Office 2019 - newest office for PC !,Carding,g3cko,USD 3.12
[AUTO DISPATCH] 2022 GUIDE Carding Compound Crypto [WORKING],Carding,Tuts4ever,USD 0.99
‚ôö Carding Walmart [NEW] ‚ôö,Carding,Color,USD 1.00
Hire a Professional Hacking Service,Social Engineering,TheWizards,USD 12.00
[AUTO DISPATCH] 2022 GUIDE Carding BTC using your smartphone,Carding,Tuts4ever,USD 0.99
[AUTO DISPATCH] CC/CVV to Gift Cards with VIDEO - Credit Card to Shopping Cards,Carding,Safety1st,USD 4.34
A Facebook EMail Hacker for Hire,Social Engineering,TheWizards,USD 12.00
I am NOT a Time-Waster,Other,Aracay,USD 542.11
custum listing PublicEnemy99,Other,cocacolacompany,USD 3371.91
CPN CREDIT PROFILE,Other,GodsOfPluto,USD 300.00
1 Half Priced Flight Ticket - All Worldwide Destinations,Other,Aracay,USD 216.84
1000 Instagram Likes Brazil $1.50 + system access,Other,blackmarket,USD 1.50
5000 Instagram Likes $2 + system access,Other,blackmarket,USD 2.00
custom order DeepFake,Other,NetHN22,USD 74.00
NEW!!! 3000 youtube Views $9 + System Access,Other,blackmarket,USD 9.00
NEW!!! 5000 youtube Views $15 + System Access,Other,blackmarket,USD 15.00
Top 5 Reasons for Bloggers to Use a VPN,Other,Color,USD 1.08
Custom Order DeepFake,Other,NetHN22,USD 350.00
Tip Jar,Other,SpiritualMan,USD 1.00
*** NEW!!! 1000 Twitch Followers *** $6 + System access,Other,blackmarket,USD 6.00
"[AUTO DISPATCH] Hundreds millions email leads+Accounts passwords 1TB Full Database : Facebook,insta,snap..",Other,thebankster,USD 19.00
-== E-Mail Bombing Service ==-,Social Engineering,digitalworld,USD 9.99
[AUTO DISPATCH] VIDEO How To Connect to RDP For 100%SUCESS Carding,Carding,iSellVerifiedAccounts,USD 6.90
‚ôö CC to BTC Methods ‚ôö,Carding,Color,USD 1.08
E-GIFT CARD 20+ Websites | ONLY $5,Carding,fullzipp,USD 4.00
AliExpress Carding Methods 2022,Carding,Color,USD 1.41
Latest & Best CARDING TOOLS 2024,Carding,Color,USD 3.09
Instagram LIKES x1000 HIGH QUALITY - EXTRA Delivery - Warranty,Social Engineering,KingAccount,USD 4.00
Hire a Facebook Whatsapp Hacker,Social Engineering,TheWizards,USD 11.99
Instagram Followers x5000 HIGH QUALITY - EXTRA Delivery - Warranty,Social Engineering,KingAccount,USD 25.00
Western Union Carding Tutorial,Carding,Color,USD 1.00
100% valid RDP 2GB ram ADMIN USA,Carding,trustar,USD 20.00
2 Weeks Trial Football/Soccer Betting Subscription,Other,Aracay,USD 108.42
Custom Listing For ak******24,Other,Aracay,USD 704.74
USA Drivers License Number Lookup,Other,trustar,USD 16.00
NEW!!! 5000 Telegram Channel Members $10 + System Access,Other,blackmarket,USD 10.00
Visa Issuance Service,Other,Aracay,USD 433.69
UNBLOCKING BANK ACCOUNTS/CRYPTO EXCHANGES,Other,Broker01,USD 950.00
TIPS FOR US THANK YOU ALL,Other,Elminilic,USD 1.55
[AUTO DISPATCH] ANY Crypto Exchange - Fully verified accounts,Other,iSellVerifiedAccounts,USD 149.00
Custom listing For Bu*********43,Other,Aracay,USD 325.26
*** NEW!! 3000 Spotify Premium Plays *** only $3,Other,blackmarket,USD 3.00
*** NEW!!! 2000 Twitch Followers *** $12 + System access,Other,blackmarket,USD 12.00
Cialis 20mg x 50 ( Tadalafif) - Tadarise Pro,Other,eurobolenpharmacies,USD 167.85
IRC Hacks @Team DDU - By Paul Mutton,Other,Color,USD 1.08
NEW!!! 10K Telegram Channel Members $20 + System Access,Other,blackmarket,USD 20.00
FIND AND WATCH LIVE SECURITY CAMERAS WITH GOOGLE FOR FUN,Other,Topvendor,USD 8.24
[AUTO DISPATCH] Mac - Microsoft Office 2019 for Mac Multilingual,Carding,g3cko,USD 3.12
[AUTO DISPATCH] +++ Solid guide | Get BTCs without carding +++,Carding,MrRandyMARSH,USD 1.05
Youtube LIKES x2000 HIGH QUALITY - EXTRA Delivery - Warranty,Social Engineering,KingAccount,USD 10.00
Tiktok Views x1000 HIGH QUALITY - EXTRA Delivery - Warranty,Social Engineering,KingAccount,USD 5.00
100 Youtube subscirbers CHEAPEST ON MARKET,Social Engineering,ThePirateIsland,USD 7.95
You Can Hire a Hacker to Delete Your Criminal Record,Social Engineering,TheWizards,USD 12.00
‚ôö Carding Amazon [Tutorial] ‚ôö,Carding,Color,USD 1.00
The Complete and Utter Mega Narcotics Cookbook,Social Engineering,TheWizards,USD 10.00
‚ôö Carding Safely And Tips ‚ôö,Carding,Color,USD 1.08
Which Phone is More Vulnerable to Hacking ‚Äî iPhone,Other,Color,USD 1.08
NEW!!! 5000 Instagram Followers $15 + system access,Other,blackmarket,USD 15.00
NEW!!! 2000 youtube Views $6 + System Access,Other,blackmarket,USD 6.00
NEW!!! 10K youtube Views $30 + System Access,Other,blackmarket,USD 30.00
"üí∞üí∞‚ö°I BUY ALL NETELLER,SKRILL FUNDS‚ö°üí∞üí∞",Other,iSellVerifiedAccounts,USD 500.00
extra shipping,Other,gotmilk,USD 18.90
How to prevent computer from accessing internet,Other,fullzipp,USD 5.00
[AUTO DISPATCH] CC TO BTC! I buy ALL Netller and Skrill funds,Other,iSellVerifiedAccounts,USD 500.00
[AUTO DISPATCH] Receive SMS online - free & anonymous,Other,fullzipp,USD 5.00
NEW!!! 4000 youtube Views $12 + System Access,Other,blackmarket,USD 12.00
1000 CoinMarketCap Watchlist + System Access,Other,blackmarket,USD 40.00
‚ôö Carding Tips [2024] ‚ôö,Carding,Color,USD 1.21
The Complete and Utter Mobile Carding Set Up Pack,Carding,TheWizards,USD 10.00
Telegram Account and Password Hacker,Social Engineering,TheWizards,USD 10.00
1000 Soundcloud Followers $5 CHEAPEST ON MARKET,Social Engineering,ThePirateIsland,USD 4.95
1000 Soundcloud PLAYS $5 CHEAPEST ON MARKET,Social Engineering,ThePirateIsland,USD 4.95
[AUTO DISPATCH] 15 socks5/proxie providers 2023,Carding,iSellVerifiedAccounts,USD 2.99
‚ôö Carding TermsWords [2] ‚ôö,Carding,Color,USD 1.08
[AUTO DISPATCH] 2022 GUIDE Carding VeChain Coin (VET) on your smartphone [WORKING],Carding,Tuts4ever,USD 0.99
!! US FULLZ Loan Cashout Method !!,Carding,h3exx,USD 1.00
Latest X2 EMV Software 2023 Complete Bundle + Video Tutorials,Carding,fullzipp,USD 40.01
NEW!!! 10K Instagram Followers $30 + system access,Other,blackmarket,USD 30.00
[AUTO DISPATCH] CC TO BTC! I buy ALL Netller and Skrill funds,Other,iSellVerifiedAccounts,USD 1000.00
Any Vehicle Ownership Information,Other,Aracay,USD 130.11
Cuba Passport,Other,NetHN22,USD 47.25
Half Priced Train Ticket - All European Destinations,Other,Aracay,USD 108.42
*** NEW!!! 5000 Twitch Followers *** $30 + System access,Other,blackmarket,USD 30.00
excess/tips,Other,ninjagarden,USD 6.67
PRINTING SERVICE: ONTARIO DL,Other,Makekota,USD 301.00
PRINTING SERVICE: ONTARIO PHOTO CARD,Other,Makekota,USD 201.00
PRINTING SERVICE: MANITOBA DL,Other,Makekota,USD 301.00
PRINTING SERVICE: SASKATCHEWAN DL,Other,Makekota,USD 351.00
PRINTING SERVICE: BRITISH COLUMBIA SERVICE CARD,Other,Makekota,USD 301.00
PRINTING SERVICE: ALBERTA DL,Other,Makekota,USD 301.00
PRINTING SERVICE: ALBERTA HEALTH CARD,Other,Makekota,USD 251.00
PRINTING SERVICE: PERMANENT RESIDENT CARD,Other,Makekota,USD 651.00
The Complete and Utter Guide To Creating MDMA,Social Engineering,TheWizards,USD 10.00
Youtube VIEWS x2000 HIGH QUALITY - EXTRA Delivery - Warranty,Social Engineering,KingAccount,USD 10.00
1000 Youtube Likes $3 CHEAPEST ON MARKET,Social Engineering,ThePirateIsland,USD 2.95
1000 Instagram VIEWS $3 CHEAPEST ON MARKET,Social Engineering,ThePirateIsland,USD 2.95
ManyCam Enterprise + Crack,Carding,g3cko,USD 1.98
2022 GUIDE Carding BTC via XCOINS [WORKING],Carding,Tuts4ever,USD 0.99
Textnow,Carding,thiagsig,USD 2.00
[AUTO DISPATCH] The All in One Carding Guide - LEARN CARDING (for Beginners),Carding,Safety1st,USD 4.33
PRINTING SERVICE: SOCIAL INSUREANCE CARD,Other,Makekota,USD 121.00
PRINTING SERVICE: QUEBEC HEALTH CARD,Other,Makekota,USD 251.00
%50 discount on CCNA exam vouchers *VALID FOR 6+ MONTHS!!!*,Other,fullzipp,USD 150.01
1 Month Football/Soccer Betting Subscription,Other,Aracay,USD 216.84
Wanna Read a book!! Please PM US,Other,Topvendor,USD 5.00
Phishing Collection,Other,Topvendor,USD 161.55
Nerdwallet.com | Credit Score 700+,Other,fullzipp,USD 20.01
Riseup.net invites Lifetime Access,Other,Topvendor,USD 17.66
"SMS Verification - Telegram,Gmail,Proton,Coinbase,Airbnb+++",Other,iSellVerifiedAccounts,USD 15.00
CHASE Credit Card with High Balance $$$$ + ESIM | SHIPPING CARD TO ADDRESS,Other,xiaobaobei26,USD 1000.00
"[AUTO DISPATCH] 1TB databases collection pack ,million accounts + passwords + email from popular websites",Other,thebankster,USD 19.00
"[AUTO DISPATCH] Unlock any Iphone ,any android,and remove Activation lock apple id, Passfab full pack 2024",Other,thebankster,USD 19.00
I CAN CASHOUT PAYPAL TRANSFERS,Other,agedAB,USD 100.00
CHASE BUSINESS Credit Card with High Balance $$$$ + ESIM | SHIPPING CARD TO ADDRESS,Other,xiaobaobei26,USD 1300.00
CHASE Credit Card with High Balance $5K-$15K | SHIPPING CARD TO ADDRESS,Other,xiaobaobei26,USD 300.00
[AUTO DISPATCH] Working guide | How to setup your device before carding,Carding,MrRandyMARSH,USD 1.05
Hire A Hacker to Hack Gmail and Yahoo Accounts,Social Engineering,TheWizards,USD 11.99
Instagram Account and Password Hacker,Social Engineering,TheWizards,USD 10.00
Instagram Followers x2000 HIGH QUALITY - EXTRA Delivery - Warranty,Social Engineering,KingAccount,USD 10.00
4000 Instagram LIKES $12 CHEAPEST ON MARKET,Social Engineering,ThePirateIsland,USD 11.95
Telegram 1000 Post Views (Last 5 posts) $4 CHEAPEST ON MARKET,Social Engineering,ThePirateIsland,USD 3.95
-== Mass calls spamming service ==-,Social Engineering,digitalworld,USD 44.99
"[AUTO DISPATCH] Hundreds millions email leads+Accounts passwords 1TB Full Database : Facebook,insta,snap..",Social Engineering,thebankster,USD 19.00
A Professional iCloud Hacker for Hire,Social Engineering,TheWizards,USD 11.99
Cracking any Wi-Fi Wireless Network Program,Social Engineering,TheWizards,USD 9.99
The Dirty 5000 Onion Webpages,Social Engineering,TheWizards,USD 10.00
"üí∞üí∞‚ö°I BUY ALL NETELLER,SKRILL FUNDS‚ö°üí∞üí∞",Other,iSellVerifiedAccounts,USD 250.00
"Bank Check Creation Service, Best Quality and Best Price!",Other,trustar,USD 10.00
PRINTING SERVICE: QUEBEC DL,Other,Makekota,USD 301.00
Custom Country outside USA custom utility bill,Other,trustar,USD 30.00
Listing only for AnonymouS012345,Other,Topvendor,USD 1401.00
Half Priced Hotel Room Booking - All Worldwide Hotels,Other,Aracay,USD 216.68
MIXING BITCOIN SERVICE,Other,yoshisteam,USD 10.00
CHASE Credit Card with High Balance $$$$ + ESIM | SHIPPING CARD TO ADDRESS,Other,xiaobaobei26,USD 700.00
Checker Full Source Code Services,Other,Topvendor,USD 89.00
SCANS FOR YOUR NEEDS. ANY CUSTOM SCANS,Other,tartini,USD 50.00
"Apple TV | 3 Months Key | UAE, INDIA, UK, USA",Other,xiaobaobei26,USD 16.00
"Apple Music | 3 Months Key | UAE, INDIA, UK, USA",Other,xiaobaobei26,USD 16.00
Apple Arcade | 3 Months Key | USA,Other,xiaobaobei26,USD 16.00
Apple iCloud 50GB | 3 Months Key | USA,Other,xiaobaobei26,USD 16.00
20 WAYS TO GET SOMEONE'S IP ADDRESS,Other,Swipper,USD 10.01
I am NOT a Time-Waster,Other,Aracay,USD 541.71
custum listing PublicEnemy99,Other,cocacolacompany,USD 3369.42
1 Half Priced Flight Ticket - All Worldwide Destinations,Other,Aracay,USD 216.68
The Best Photoshop Tutorial Ever,Carding,g3cko,USD 1.98
Mac - Adobe PhotoShop & Illustrator CC 2018,Carding,g3cko,USD 3.02
Windows & Office ISO Downloader - Full,Carding,g3cko,USD 1.56
‚ôö Carding Amazon Tutorial [2] ‚ôö,Carding,Color,USD 1.00
Protect your PC - Zemana AntiLogger,Carding,g3cko,USD 1.98
[AUTO DISPATCH] Windows ISO download - any version any language,Carding,g3cko,USD 1.98
[AUTO DISPATCH] WORKING Solid guide | CC to AMEX eGift codes,Carding,MrRandyMARSH,USD 1.05
SAFETY IN CARDING. MANUAL,Carding,Color,USD 1.00
"HQ CUSTOM SCANS, 100% GUARANTEED VERIFICATIONS",Carding,Abishekh,USD 50.00
CITI SHELL with Balance $$$$ + ESIM | SHIPPING CARD TO ADDRESS,Other,xiaobaobei26,USD 600.00
Car Rental Worldwide Airport | 50% OFF Monthly Rental | TOP SERVICE,Other,xiaobaobei26,USD 250.00
CASHOUT SERVICE,Other,agedAB,USD 100.00
Bank Check | Mobile & ATM | Local Banks & CU | TOP SERVICE,Other,xiaobaobei26,USD 450.00
‚ôö Ebay Carding [New 2024] ‚ôö,Carding,Color,USD 1.21
[AUTO DISPATCH] 2022 GUIDE Carding BitTorrent on your smartphone [WORKING],Carding,Tuts4ever,USD 0.99
You Can Hire a Facebook Whatsapp Hacker,Social Engineering,TheWizards,USD 12.00
Team Skeet Premium Porn Account with Warranty,Social Engineering,TheWizards,USD 9.99
Turn Credit Card to Bitcoin So Easily 100% Working,Social Engineering,TheWizards,USD 10.00
Evil Angel Premium Porn Account with Warranty,Social Engineering,TheWizards,USD 10.00
A Professional EBay Hacker for Hire,Social Engineering,TheWizards,USD 11.99
The Complete and Utter Counterfeit Money Passing Encyclopedia,Social Engineering,TheWizards,USD 9.99
Instagram Bot (Followers Likes Comments),Social Engineering,Color,USD 1.31
"The Complete and Utter Cocaine,MDMA,Heroin,LSD,Amphetamine Synthesis",Social Engineering,TheWizards,USD 10.00
The Complete and Utter Way to Get to Free Amazon Gift Cards,Social Engineering,TheWizards,USD 10.00
Spunku Gay Extreme Gay Porn Premium Account,Social Engineering,TheWizards,USD 20.00
Instagram VIEWS x1000 HIGH QUALITY - EXTRA Delivery - Warranty,Social Engineering,KingAccount,USD 4.00
Youtube LIKES x5000 HIGH QUALITY - EXTRA Delivery - Warranty,Social Engineering,KingAccount,USD 25.00
Youtube VIEWS x1000 HIGH QUALITY - EXTRA Delivery - Warranty,Social Engineering,KingAccount,USD 5.00
[AUTO DISPATCH] CC/CVV to Gift Cards with VIDEO - Credit Card to Shopping Cards,Carding,Safety1st,USD 4.33
Youtube VIEWS x5000 HIGH QUALITY - EXTRA Delivery - Warranty,Social Engineering,KingAccount,USD 25.00
Tiktok Likes x2000 HIGH QUALITY - EXTRA Delivery - Warranty,Social Engineering,KingAccount,USD 16.00
Tiktok Views x2000 HIGH QUALITY - EXTRA Delivery - Warranty,Social Engineering,KingAccount,USD 10.00
A Facebook EMail Hacking Service,Social Engineering,TheWizards,USD 12.00
5000 Youtube Likes $15 CHEAPEST ON MARKET,Social Engineering,ThePirateIsland,USD 14.95
The 2020 Top Two Databases for U.S.A. SSN,Social Engineering,TheWizards,USD 10.00
"-== EDU EMAILS Outlook : OFFICE 365 , JETBRAIN, AZURE KEYS ==-",Social Engineering,digitalworld,USD 8.99
The Complete and Utter Way to Make LSD,Social Engineering,TheWizards,USD 10.00
-== MASS SMS SPAMMING SERVICE ==-,Social Engineering,digitalworld,USD 44.99
The High Balance Bitcoin Wallet Seeker,Social Engineering,TheWizards,USD 10.00
The Whatsapp Account and Password Hacker,Social Engineering,TheWizards,USD 9.99
A GMail Hacking Service for Hire,Social Engineering,TheWizards,USD 12.00
The Complete and Utter Terminator Fraud Pack,Social Engineering,TheWizards,USD 9.99
A Professional Snapchat Hacker for Hire,Social Engineering,TheWizards,USD 11.99
10000 Youtube Likes $25 CHEAPEST ON MARKET,Social Engineering,ThePirateIsland,USD 24.95
2 Weeks Trial Football/Soccer Betting Subscription,Other,Aracay,USD 108.34
Custom Listing For ak******24,Other,Aracay,USD 704.22
[AUTO DISPATCH] The All in One Carding Guide - LEARN CARDING (for Beginners),Carding,Safety1st,USD 4.32
Visa Issuance Service,Other,Aracay,USD 433.37
Custom listing For Bu*********43,Other,Aracay,USD 325.02
[AUTO DISPATCH] [WORKING] Solid guide| CC to Auchan Telecom FRANCE Recharge,Carding,MrRandyMARSH,USD 1.05
[AUTO DISPATCH] Working guide | How to make $300 daily,Carding,MrRandyMARSH,USD 1.05
[AUTO DISPATCH] [WORKING] Solid guide | CC to ASDA Mobile UK TOP UP Voucher,Carding,MrRandyMARSH,USD 1.05
Wyze Carding Method Secure Your Carded Riches with Home Cameras!,Carding,Color,USD 3.00
[AUTO DISPATCH] Activate any Windows or Office easy and for free,Carding,g3cko,USD 1.98
WebcamMax keygen - unlock popular webcam app,Carding,g3cko,USD 1.98
Internet Download Manager - 5x faster downloading,Carding,g3cko,USD 1.98
2022 GUIDE Carding BTC on RIA Money Transfer,Carding,Tuts4ever,USD 0.99
[AUTO DISPATCH] 2022 GUIDE Carding XRP [WORKING],Carding,Tuts4ever,USD 0.99
‚ôö Carding Bestbuy [Tutorial] ‚ôö,Carding,Color,USD 1.00
"[Tutorial]Hack Credit Card,Carding Cvv,Paypal Cash",Carding,Color,USD 1.00
‚ôö A Carder‚Äôs First Experience ‚ôö,Carding,Color,USD 1.08
Android emulator - must have for every proof,Carding,g3cko,USD 1.98
Dive into the 1st IKEA Carding Method,Carding,Color,USD 3.00
Successful Carding Tips,Carding,Color,USD 1.00
[AUTO DISPATCH] Working guide | Latest CC to BTC method,Carding,MrRandyMARSH,USD 1.05
Cashout CC to BTC via e-gift card method !,Carding,g3cko,USD 3.00
RAZER CARDING Method First Inside Look 2024,Carding,Color,USD 3.00
‚ôö Ebay Carding [New 2020] ‚ôö,Carding,Color,USD 1.00
[AUTO DISPATCH] 2022 GUIDE Carding ETH [WORKING],Carding,Tuts4ever,USD 0.99
Windows 10 - guide and software for stop spying,Carding,g3cko,USD 2.08
Want to build your dream house?,Carding,g3cko,USD 1.98
[AUTO DISPATCH] Get Virtual Prepaid Card Without ID - Get Anonymous Prepaid Cards No KYC Need,Carding,Safety1st,USD 3.24
100% valid RDP 4GB ram ADMIN USA,Carding,trustar,USD 27.00
"WCC OTP Bot, SMS Gateway Order Tracking + Bypass Verification",Carding,Color,USD 2.99
The Complete and Utter Walmart Return Scam,Social Engineering,TheWizards,USD 9.99
The Complete and Utter Trading Binary Options,Social Engineering,TheWizards,USD 10.00
Three Ways on How to Get Free Unlimited SMS Verification,Social Engineering,TheWizards,USD 10.00
The Complete and Utter Guide on Speed Amphetamine,Social Engineering,TheWizards,USD 10.00
"[AUTO DISPATCH] Site for Check DL,Background & Almost Everything - Auto Delivery",Social Engineering,Swipper,USD 7.01
Brazzers 26-in-1 Mega Premium Porn Account,Social Engineering,TheWizards,USD 16.00
The Complete and Utter 900 SEO Internet Marketing Tools Pack,Social Engineering,TheWizards,USD 10.00
Learn How to Hack Valid Credit Card Numbers,Social Engineering,TheWizards,USD 10.00
The Seven Reasons a Credit Card is Rejected,Social Engineering,TheWizards,USD 10.00
A Professional Twitter Hacker for Hire,Social Engineering,TheWizards,USD 12.00
Kink Premium Porn Account with Warranty,Social Engineering,TheWizards,USD 16.00
Unlock Android Games - Lucky Patcher Apk Cracked,Carding,g3cko,USD 1.56
UltraBox portable,Carding,g3cko,USD 1.98
[AUTO DISPATCH] Working guide | CC to BTC method,Carding,MrRandyMARSH,USD 1.05
[AUTO DISPATCH] Working guide | CC to Amazon eGift codes,Carding,MrRandyMARSH,USD 1.05
[AUTO DISPATCH] Tutorial About Carding Skype,Carding,iSellVerifiedAccounts,USD 1.99
Flash Disk Repair,Carding,g3cko,USD 1.25
UK The Ultimate iDmobile Carding Method ‚Äì Non VBV Cards to iPhones,Carding,Color,USD 3.00
Western Union carding - working method,Carding,Color,USD 1.91
[AUTO DISPATCH] Working guide | CC to IBAN or BTC or Cash,Carding,MrRandyMARSH,USD 1.05
[AUTO DISPATCH] [WORKING] Solid guide | CC to Astropay Credit,Carding,MrRandyMARSH,USD 1.05
[AUTO DISPATCH] [WORKING] Solid guide | CC to BILDMobil GERMANY TOP UP Voucher,Carding,MrRandyMARSH,USD 1.05
[AUTO DISPATCH] [WORKING] Solid guide | CC to Bitnovo Credit,Carding,MrRandyMARSH,USD 1.05
[AUTO DISPATCH] [WORKING] Solid guide | CC to Bitsa eVoucher,Carding,MrRandyMARSH,USD 1.05
[AUTO DISPATCH] [WORKING] Solid guide | CC to Blau GERMANY TOP UP Voucher,Carding,MrRandyMARSH,USD 1.05
VyprVPN Premium VPN Account with Warranty,Social Engineering,TheWizards,USD 9.99
Hire a Hacker to Upgrade Your College Exam Results,Social Engineering,TheWizards,USD 11.99
Bitcoin Trading and Altcoins and Forex EBook,Social Engineering,TheWizards,USD 10.00
The Complete and Utter Drugs Guides Mega Pack,Social Engineering,TheWizards,USD 10.00
A Facebook Instagram Password Hacker,Social Engineering,TheWizards,USD 10.00
Ethical Hacking: 3 in 1- A Comprehensive Beginners Guide + Complete Tips And Tricks To Ethical Hacking,Social Engineering,Topvendor,USD 5.00
TOR AND DARKNET 4 DONKEYS,Social Engineering,Topvendor,USD 5.00
The Complete and Utter Mega List of AutoShops,Social Engineering,TheWizards,USD 9.99
FraudFox Virtual Machine Updated Version 1.5,Social Engineering,TheWizards,USD 10.00
BarelyLegal Premium Porn Account with Warranty,Social Engineering,TheWizards,USD 9.99
The Complete and Utter Mail Drop Creation Pack,Social Engineering,TheWizards,USD 10.00
Anti-Detect 7 FraudFox Amazon Package,Social Engineering,TheWizards,USD 9.99
Snapchat Account and Password Hacker,Social Engineering,TheWizards,USD 9.99
A Professional Website Hacker for Hire,Social Engineering,TheWizards,USD 9.99
[AUTO DISPATCH] [WORKING] Solid guide | CC to CASHlib Credit,Carding,MrRandyMARSH,USD 1.05
[AUTO DISPATCH] [WORKING] Solid guide | CC to CashToCode eVoucher,Carding,MrRandyMARSH,USD 1.05
How To Create Your Own Premium Porn Accounts For Free,Carding,Color,USD 1.01
No 1 Costco Carding Method,Carding,Color,USD 3.00
taples Carding Method Upgrading Your Office Supply Game!,Carding,Color,USD 3.00
Sperry Carding Method Chic Yachting Boots,Carding,Color,USD 3.00
Sly TurtleBeach Carding Method #1 in Gaming Headsets,Carding,Color,USD 3.00
HyperX Carding Method Level Up Your Gaming Gear,Carding,Color,USD 3.00
All About That Bass MusicStore Carding Method,Carding,Color,USD 3.00
#1 Jura Carding Method Perfected Coffee Machines,Carding,Color,USD 3.00
Inside Look 18 ct. Gold Jewelry BrilliantEarth Carding Method,Carding,Color,USD 3.00
Step-by-Step Jumpplus Carding Method Video Apple Edition,Carding,Color,USD 2.99
Portable WEB editor - make your .onion page,Carding,g3cko,USD 1.98
Aomei Backupper - cracked,Carding,g3cko,USD 10.40
Automatic File Translation Software - no traces,Carding,g3cko,USD 10.40
The Complete and Utter Crime Exploit Kit,Social Engineering,TheWizards,USD 10.00
The Complete and Utter Spamming Synthesis,Social Engineering,TheWizards,USD 10.00
The Complete and Utter Bitcoin Stealing Synthesis,Social Engineering,TheWizards,USD 9.99
Tiny4K Premium Porn Account with Warranty,Social Engineering,TheWizards,USD 10.00
A Facebook Instagram Password and Account Hacker,Social Engineering,TheWizards,USD 10.00
"The Complete and Utter Mega 125,000 Items Mega Fraud EBook",Social Engineering,TheWizards,USD 10.00
Instagram Followers x4000 HIGH QUALITY - EXTRA Delivery - Warranty,Social Engineering,KingAccount,USD 20.00
Instagram Followers x10000 HIGH QUALITY - EXTRA Delivery - Warranty,Social Engineering,KingAccount,USD 50.00
Youtube LIKES x1000 HIGH QUALITY - EXTRA Delivery - Warranty,Social Engineering,KingAccount,USD 5.00
Tiktok Likes x1000 HIGH QUALITY - EXTRA Delivery - Warranty,Social Engineering,KingAccount,USD 8.00
Tiktok Likes x3000 HIGH QUALITY - EXTRA Delivery - Warranty,Social Engineering,KingAccount,USD 24.00
Telegram BOT Channel Members x1000 + Warranty,Social Engineering,KingAccount,USD 5.00
5000 Instagram LIKES $15 CHEAPEST ON MARKET,Social Engineering,ThePirateIsland,USD 14.95
20000 Instagram LIKES $50 CHEAPEST ON MARKET,Social Engineering,ThePirateIsland,USD 49.95
Glary Utilities Pro,Carding,g3cko,USD 1.98
New 2017 - Microsoft Office 2016 ProPlus 32/64 ISO,Carding,g3cko,USD 3.12
Portable Office - most secured for docs,Carding,g3cko,USD 1.98
Automatic Video Translation Software - no traces,Carding,g3cko,USD 10.40
Aomei Partition - cracked,Carding,g3cko,USD 10.40
Tenorshare Whatsapp Recovery - hack whatsapp app,Carding,g3cko,USD 2.08
File Management Software for Hackers,Carding,g3cko,USD 10.40
Brutus The Password Cracker,Carding,Color,USD 1.00
‚ôö Carding Tips ‚ôö,Carding,Color,USD 1.00
‚ôö New Carding Technique [Tutorial] ‚ôö,Carding,Color,USD 1.00
‚ôö Ebay Carding [Breif] ‚ôö,Carding,Color,USD 1.00
All About Carding,Carding,Color,USD 1.00
‚ôö Carding Apple - new method ‚ôö,Carding,Color,USD 1.00
Hackers Outside Hollywood - How Hacking Really,Carding,Color,USD 1.00
Gray Hat Hacking - The Ethical Hackers Handbook,Carding,Color,USD 1.08
Telegram 1000 Post Views (Last 20 posts) $12 CHEAPEST ON MARKET,Social Engineering,ThePirateIsland,USD 11.95
Telegram 1000 Post Views (Last 50 posts) $20 CHEAPEST ON MARKET,Social Engineering,ThePirateIsland,USD 19.95
3000 Soundcloud Followers $15 CHEAPEST ON MARKET,Social Engineering,ThePirateIsland,USD 14.95
5000 Soundcloud Followers $25 CHEAPEST ON MARKET,Social Engineering,ThePirateIsland,USD 24.95
3000 Youtube Likes $9 CHEAPEST ON MARKET,Social Engineering,ThePirateIsland,USD 8.95
4000 Youtube Views $20 CHEAPEST ON MARKET,Social Engineering,ThePirateIsland,USD 19.95
5000 Soundcloud PLAYS $5 CHEAPEST ON MARKET,Social Engineering,ThePirateIsland,USD 24.95
Telegram Channel Subscribers x500 $4 CHEAPEST ON MARKET,Social Engineering,ThePirateIsland,USD 3.95
100 Soundcloud LIKES $5 CHEAPEST ON MARKET,Social Engineering,ThePirateIsland,USD 4.95
FAKE FLIGHT TICKET GENERATOR,Social Engineering,fullzipp,USD 6.01
Hire a Professional Hacking Service,Social Engineering,TheWizards,USD 11.99
The Complete and Utter Collection of Banned Books,Social Engineering,TheWizards,USD 10.00
A Professional Website Hacker for Hire,Social Engineering,TheWizards,USD 12.00
-== 100k Mass Spam emails to a target email ==--,Social Engineering,digitalworld,USD 139.99
‚ôö Carding TermsWords ‚ôö,Carding,Color,USD 1.08
‚ôö Carding Apple [2021 Method] ‚ôö,Carding,Color,USD 1.08
‚ôö Carding Dell Tutorial ‚ôö,Carding,Color,USD 1.00
‚ôö Carding Authorization [Tutorial] ‚ôö,Carding,Color,USD 1.08
"Good Sync 9 , cracked , lifetime updates",Carding,g3cko,USD 1.98
FrostWire Portable - download toons of soft,Carding,g3cko,USD 1.98
Photomizer 3 - Optimize and repair digital photos,Carding,g3cko,USD 2.08
Process Lasso.Pro Cracked - speed up your PC,Carding,g3cko,USD 1.98
Zend Studio (x86 + x64),Carding,g3cko,USD 2.08
Master PDF editor - cracked,Carding,g3cko,USD 1.98
[AUTO DISPATCH] ‚ö°‚ö°CC to CRYPTO! 2023 NEW METHOD - Instant Delivery‚ö°‚ö°,Carding,iSellVerifiedAccounts,USD 3.99
Ashampoo Burning Studio,Carding,g3cko,USD 1.98
Driver Genius PRO - Cracked,Carding,g3cko,USD 1.98
[AUTO DISPATCH] [WORKING] Solid guide | CC to Bouygues Telecom FRANCE Recharge,Carding,MrRandyMARSH,USD 1.05
Nike Carding Methods,Carding,Color,USD 1.30
PunishTube Porn Account with Warranty,Social Engineering,TheWizards,USD 9.99
Brazzers Premium Porn Account with Warranty,Social Engineering,TheWizards,USD 10.00
The Complete and Utter Bitcoin Stealer Mass Generator,Social Engineering,TheWizards,USD 10.00
The Complete and Utter ATM Hacker,Social Engineering,TheWizards,USD 10.00
A Professional Telegram Account Hacker for Hire,Social Engineering,TheWizards,USD 11.99
Cialis 20mg x 50 ( Tadalafif) - Tadarise Pro,Other,eurobolenpharmacies,USD 167.73
FIND AND WATCH LIVE SECURITY CAMERAS WITH GOOGLE FOR FUN,Other,Topvendor,USD 8.23
‚ôö Carding Tutorial [Part 1 to Part 7] ‚ôö,Carding,Color,USD 1.00
‚ôö Ebay Carding %100 [Explained] ‚ôö,Carding,Color,USD 1.08
Yamicsoft Windows 10 Manager,Carding,g3cko,USD 1.98
Best manager - Total Commander Ultima Prime,Carding,g3cko,USD 1.98
Mac - MAC changer for Mac - stay safe on Apple !,Carding,g3cko,USD 2.08
BitPay Crypto Carding Method,Carding,Color,USD 2.99
Working VISA Master Amex Credit Card Number Test,Carding,Color,USD 1.50
Linken Sphere 6.6 Pure [AUTO-DELIVERY],Carding,MicroDroper,USD 25.00
‚ôö Amazon Gift Card Tutorial [UK] ‚ôö,Carding,Color,USD 1.08
Step-by-Step Guide on Obtaining Laptops via the Reebelo Carding Method,Carding,Color,USD 3.00
The end of Carding or just The beginning,Carding,Color,USD 2.99
Any Vehicle Ownership Information,Other,Aracay,USD 130.01
Half Priced Train Ticket - All European Destinations,Other,Aracay,USD 108.34
[AUTO DISPATCH] Zelle Transfer 2024 tutorial,Carding,Votan,USD 3.00
CC. CVV TO GIFT CARDS 1200 to 2000 Daily,Carding,fullzipp,USD 8.00
Eliquids & Vape Kits #1 Eight Vape Carding Method,Carding,Color,USD 3.00
Carding Stripe,Carding,Color,USD 2.00
100% valid RDP 8GB ram ADMIN USA,Carding,trustar,USD 30.00
"I WILL DEPOSIT A CHECK ON YOUR DROP, SPLIT 50-50",Carding,kimarty,USD 35.01
Linux Windows Workstation Player,Carding,g3cko,USD 1.98
Pro Android player on your PC - Rooted + MOD !,Carding,g3cko,USD 2.08
1 Month Football/Soccer Betting Subscription,Other,Aracay,USD 216.68
Phishing Collection,Other,Topvendor,USD 161.43
Riseup.net invites Lifetime Access,Other,Topvendor,USD 17.65
"Kali Linux - An Ethical Hackers Cookbook: Practical recipes that combine strategies, attacks, and tools",Social Engineering,Topvendor,USD 5.00
The Complete and Utter Dark Net Mega Fraud Pack,Social Engineering,TheWizards,USD 10.00
A Huge Mega Course and Synthesis for the Dark Net,Social Engineering,TheWizards,USD 10.00
100 fb custom comments 100% Risk free - cheapest wholesale price - No Password Required,Social Engineering,theartsyguy100,USD 10.00
1k Youtube Subscribers 100% Risk free - cheapest wholesale price - No Password Required,Social Engineering,theartsyguy100,USD 35.00
CRACKING TUTORIAL,Social Engineering,Topvendor,USD 80.00
The Complete and Utter Drug Production Handbook,Social Engineering,TheWizards,USD 9.99
The Complete and Utter Non VBV Bin List,Social Engineering,TheWizards,USD 10.00
Telegram Account and Password Hacker,Social Engineering,TheWizards,USD 9.99
The Mega High Quality ID Scans Template Mega Pack,Social Engineering,TheWizards,USD 10.00
The Complete and Utter Bank Drop Creation Pack,Social Engineering,TheWizards,USD 10.00
Pentester Academy Courses,Social Engineering,Topvendor,USD 60.00
Uncle Fester Ebook,Social Engineering,Topvendor,USD 20.00
100 Youtube Subscribers 100% Risk free - cheapest wholesale price - No Password Required,Social Engineering,theartsyguy100,USD 5.00
500 Youtube Subscribers 100% Risk free - cheapest wholesale price - No Password Required,Social Engineering,theartsyguy100,USD 18.00
5k Youtube Subscribers 100% Risk free - cheapest wholesale price - No Password Required,Social Engineering,theartsyguy100,USD 140.00
1k Youtube views 100% Risk free - cheapest wholesale price - No Password Required,Social Engineering,theartsyguy100,USD 4.00
5k Youtube views 100% Risk free - cheapest wholesale price - No Password Required,Social Engineering,theartsyguy100,USD 20.00
10k Youtube views 100% Risk free - cheapest wholesale price - No Password Required,Social Engineering,theartsyguy100,USD 35.00
20k Youtube views 100% Risk free - cheapest wholesale price - No Password Required,Social Engineering,theartsyguy100,USD 65.00
100 Youtube likes 100% Risk free - cheapest wholesale price - No Password Required,Social Engineering,theartsyguy100,USD 3.00
500 Youtube likes 100% Risk free - cheapest wholesale price - No Password Required,Social Engineering,theartsyguy100,USD 10.00
1k Youtube likes 100% Risk free - cheapest wholesale price - No Password Required,Social Engineering,theartsyguy100,USD 18.00
250hrs Youtube watchtime 100% Risk free - cheapest wholesale price - No Password Required,Social Engineering,theartsyguy100,USD 25.00
3k instagram followers 100% Safe - cheapest wholesale price - No Password Required,Social Engineering,theartsyguy100,USD 14.00
5k instagram followers 100% Safe - cheapest wholesale price - No Password Required,Social Engineering,theartsyguy100,USD 21.00
10k instagram followers 100% Safe - cheapest wholesale price - No Password Required,Social Engineering,theartsyguy100,USD 35.00
2.5k instagram Likes on posts 100% Safe - cheapest wholesale price - No Password Required,Social Engineering,theartsyguy100,USD 13.00
5k instagram Likes on posts 100% Safe - cheapest wholesale price - No Password Required,Social Engineering,theartsyguy100,USD 21.00
10k instagram Likes on posts 100% Safe - cheapest wholesale price - No Password Required,Social Engineering,theartsyguy100,USD 35.00
100 instagram custom comments on posts 100% Risk free - cheapest wholesale price,Social Engineering,theartsyguy100,USD 15.00
1k instagram Video Views 100% Risk free - cheapest wholesale price - only link required,Social Engineering,theartsyguy100,USD 4.00
2k instagram Video Views 100% Risk free - cheapest wholesale price - only link required,Social Engineering,theartsyguy100,USD 7.00
5k instagram Video Views 100% Risk free - cheapest wholesale price - only link required,Social Engineering,theartsyguy100,USD 15.00
20k instagram Video Views 100% Risk free - cheapest wholesale price - only link required,Social Engineering,theartsyguy100,USD 35.00
1k Tiktok followers 100% Risk free - cheapest wholesale price - No Password Required,Social Engineering,theartsyguy100,USD 7.00
5k Tiktok followers 100% Risk free - cheapest wholesale price - No Password Required,Social Engineering,theartsyguy100,USD 32.00
10k Tiktok followers 100% Risk free - cheapest wholesale price - No Password Required,Social Engineering,theartsyguy100,USD 58.00
20k Tiktok followers 100% Risk free - cheapest wholesale price - No Password Required,Social Engineering,theartsyguy100,USD 95.00
1k Tiktok likes 100% Risk free - cheapest wholesale price - No Password Required,Social Engineering,theartsyguy100,USD 5.00
50k Tiktok likes 100% Risk free - cheapest wholesale price - No Password Required,Social Engineering,theartsyguy100,USD 145.00
100k Tiktok likes 100% Risk free - cheapest wholesale price - No Password Required,Social Engineering,theartsyguy100,USD 260.00
5k Tiktok views 100% Risk free - cheapest wholesale price - No Password Required,Social Engineering,theartsyguy100,USD 3.00
10k Tiktok views 100% Risk free - cheapest wholesale price - No Password Required,Social Engineering,theartsyguy100,USD 5.00
100k Tiktok views 100% Risk free - cheapest wholesale price - No Password Required,Social Engineering,theartsyguy100,USD 15.00
500k Tiktok views 100% Risk free - cheapest wholesale price - No Password Required,Social Engineering,theartsyguy100,USD 28.00
100 Tiktok comments 100% Risk free - cheapest wholesale price - No Password Required,Social Engineering,theartsyguy100,USD 10.00
1k fb Page followers 100% Risk free - cheapest wholesale price - No Password Required,Social Engineering,theartsyguy100,USD 11.00
5k fb Page followers 100% Risk free - cheapest wholesale price - No Password Required,Social Engineering,theartsyguy100,USD 42.00
10k fb Page followers 100% Risk free - cheapest wholesale price - No Password Required,Social Engineering,theartsyguy100,USD 73.00
1k fb Post likes 100% Risk free - cheapest wholesale price - No Password Required,Social Engineering,theartsyguy100,USD 5.00
5k fb Post likes 100% Risk free - cheapest wholesale price - No Password Required,Social Engineering,theartsyguy100,USD 21.00
10k fb Post likes 100% Risk free - cheapest wholesale price - No Password Required,Social Engineering,theartsyguy100,USD 38.00
IntelTechniques Courses by Michael Bazzell.,Social Engineering,Topvendor,USD 60.00
19 Cybersecurity Courses Collection,Social Engineering,Topvendor,USD 29.00
Hackin9 All Courses 2019,Social Engineering,Topvendor,USD 80.00
Adversary Simulation and Red Team Tactics Course,Social Engineering,Topvendor,USD 80.00
Red Team Operator - Sektor7 All Courses 956$,Social Engineering,Topvendor,USD 100.00
"How Linux Works, 2nd Edition: What Every Superuser Should Know",Social Engineering,Topvendor,USD 5.00
We Have Root: Even More Advice from Schneier on Security,Social Engineering,Topvendor,USD 5.00
Practical Vulnerability Management: A Strategic Approach to Managing Cyber Risk,Social Engineering,Topvendor,USD 5.00
"Web Security for Developers: Real Threats, Practical Defense",Social Engineering,Topvendor,USD 5.00
SEC487: Open-Source Intelligence (OSINT) Gathering and Analysis,Social Engineering,Topvendor,USD 20.00
Spunku Gay Porn Account,Social Engineering,TheWizards,USD 19.99
A Synthesis on How to Make Scamming Pay-Per Call Offers,Social Engineering,TheWizards,USD 10.00
The Complete and Utter Credit Card to PayPal Cash-Out Synthesis,Social Engineering,TheWizards,USD 9.99
The Ultimate Carding Dumping Cash-Out Synthesis,Social Engineering,TheWizards,USD 10.00
Vivid Pass HD Premium Porn Account with Warranty,Social Engineering,TheWizards,USD 10.00
The Complete and Utter Amazon EBay Mobile Carding Set Up Synthesis,Social Engineering,TheWizards,USD 9.99
A Professional Video Showing How to Connect to Remote Desktop ( RDP ),Social Engineering,TheWizards,USD 10.00
The How to Earn $100 a Day Using Instagram Synthesis,Social Engineering,TheWizards,USD 10.00
The Complete and Utter Western Union Credit Card Cashout Synthesis,Social Engineering,TheWizards,USD 10.00
Learn How to Hack Facebook Using an Android,Social Engineering,TheWizards,USD 9.99
A Synthesis On How To Make $1000 Month With Fiverr,Social Engineering,TheWizards,USD 10.00
The Complete and Utter Amazon EBay Mobile Carding Set Up Synthesis,Social Engineering,TheWizards,USD 10.00
The Complete and Utter WiFi Hacking Fraud Pack,Social Engineering,TheWizards,USD 10.00
The Complete and Utter Poker Carding Synthesis,Social Engineering,TheWizards,USD 10.00
Spunku Gay Extreme Gay Porn Premium Channel,Social Engineering,TheWizards,USD 20.00
A Professional Video on Carding Samsung S8,Social Engineering,TheWizards,USD 10.00
Hire A Hacker To Upgrade Your Exam Results,Social Engineering,TheWizards,USD 11.99
A Professional Video on How to Learn Website Hacking,Social Engineering,TheWizards,USD 10.00
The Complete and Utter Mega Amazon Carding Synthesis,Social Engineering,TheWizards,USD 9.99
Learn How to Buy Bitcoins With Credit Cards and Even PayPal,Social Engineering,TheWizards,USD 10.00
The Supreme Bank Cashout System,Social Engineering,TheWizards,USD 10.00
A Professional Video on Carding Credit Cards,Social Engineering,TheWizards,USD 10.00
The Anonymous Carding Dumping Cash-Out System,Social Engineering,TheWizards,USD 10.00
The Complete and Utter CC to PayPal Cashout System,Social Engineering,TheWizards,USD 10.00
A Pack of 30 e-Books on Carding and Hacking Synthesis,Social Engineering,TheWizards,USD 10.00
Tick-Tok Account and Password Hacker,Social Engineering,TheWizards,USD 10.00
Twistys Premium Porn Account with Warranty,Social Engineering,TheWizards,USD 10.00
The Complete and Utter Amphetamine Synthesis,Social Engineering,TheWizards,USD 10.00
Deezer Premium Account with Warranty,Social Engineering,TheWizards,USD 10.00
SiriusXM Account with Warranty,Social Engineering,TheWizards,USD 20.00
The Complete and Utter Drugs Reference Encyclopedia,Social Engineering,TheWizards,USD 10.00
The Whatsapp Account and Password Hacker,Social Engineering,TheWizards,USD 10.00
DISH Anywhere Premium Account with Warranty,Social Engineering,TheWizards,USD 20.00
Scribd Premium Account with Warranty,Social Engineering,TheWizards,USD 10.00
The Complete and Utter Five Bitcoin Ransomware,Social Engineering,TheWizards,USD 9.99
Growing Your Own High Quality Marijuana eBook,Social Engineering,TheWizards,USD 9.99
BangBros Premium Porn Account with Warranty,Social Engineering,TheWizards,USD 9.99
The Complete and Utter NSA Hacking Forensic Tool Kit,Social Engineering,TheWizards,USD 9.99
A Yahoo Hacking Service for Hire,Social Engineering,TheWizards,USD 11.99
The Complete and Utter Acid Making EBook,Social Engineering,TheWizards,USD 9.99
The Complete and Utter Hacked PayPal Accounts EBook,Social Engineering,TheWizards,USD 9.99
The Complete and Utter Amphetamine Synthesis EBook,Social Engineering,TheWizards,USD 10.00
The Complete and Utter PayPal Account Making EBook,Social Engineering,TheWizards,USD 10.00
A Huge Marijuana Shipping EBook,Social Engineering,TheWizards,USD 10.00
Hulu Plus Account with Warranty,Social Engineering,TheWizards,USD 9.99
The Complete and Utter Top 15 Socks5 Providers,Social Engineering,TheWizards,USD 9.99
Create your Phishing Link Using FileMaker Pro 17 Advanced,Social Engineering,TheWizards,USD 9.99
Change Your College Grades and Exam Results,Social Engineering,TheWizards,USD 12.00
The Quick and Simple Telephone Voice Changer,Social Engineering,TheWizards,USD 10.00
"The List of Over 10,000 Cardable Websites",Social Engineering,TheWizards,USD 10.00
The Complete and Utter PayPal Receipt Generator,Social Engineering,TheWizards,USD 9.99
The Complete and Utter Venmo Golden EBook,Social Engineering,TheWizards,USD 9.99
A Professional Facebook Hacker for Hire,Social Engineering,TheWizards,USD 12.00
The Complete and Utter Bet365 Payout System,Social Engineering,TheWizards,USD 10.00
The Professionals Way on How To Make Drugs,Social Engineering,TheWizards,USD 10.00
The Complete and Utter PayPal Cashout System,Social Engineering,TheWizards,USD 10.00
"5 x U.S.A. Citizen Full Name,Address,SSN and DOB",Social Engineering,TheWizards,USD 10.00
RED TEAM Operator: Windows Persistence - Full Course,Social Engineering,Topvendor,USD 53.09
RED TEAM Operator: Privilege Escalation in Windows Course,Social Engineering,Topvendor,USD 53.09
The Harvard Classics full Volumes 52 books - Fiction and non-fiction Public domain collection - with table of contents,Social Engineering,Topvendor,USD 25.00
Fyodor Dostoevskys best 16 books PDF collection,Social Engineering,Topvendor,USD 21.00
The Hackers Codex: Modern Web Application Attacks Demystified (2021),Social Engineering,Topvendor,USD 10.58
The Mega All Cash Out Any Bank Account Synthesis,Social Engineering,TheWizards,USD 9.99
Ten Ways for Credit Card PayPal Converted to Bitcoin Synthesis,Social Engineering,TheWizards,USD 9.99
The Complete and Utter Doxing Synthesis,Social Engineering,TheWizards,USD 9.99
The Complete and Utter Dell Carding Guide and Synthesis,Social Engineering,TheWizards,USD 9.99
Great Big Narcotics Cookbook,Social Engineering,Topvendor,USD 40.00
The Huge Great Mega Credit Card to PayPal Cash Out Synthesis,Social Engineering,TheWizards,USD 10.00
"363GB + Cybersecurity Material, Courses, Books, Videos, etc",Social Engineering,Topvendor,USD 35.29
The Complete Cyber Security Courses - 4 Courses 2021 - A Must for Security,Social Engineering,Topvendor,USD 82.35
PEN-300 Evasion Techniques and Breaching Defenses Advanced Pentesting Training,Social Engineering,Topvendor,USD 35.29
"The New York Times Best Sellers - Fiction February 28, 2021 - 15 Books ePUB",Social Engineering,Topvendor,USD 14.12
Learn Cybersecurity Administration,Social Engineering,Topvendor,USD 29.41
CQURE Academy - Windows Security Crash Course,Social Engineering,Topvendor,USD 40.00
10k Tiktok likes 100% Risk free - cheapest wholesale price - No Password Required,Social Engineering,theartsyguy100,USD 35.00
Turn Your Phone into a Carding Weapon,Social Engineering,TheWizards,USD 10.00
Creampie Thais Premium Porn Account with Warranty,Social Engineering,TheWizards,USD 10.00
DirecTV Premium Account with Warranty,Social Engineering,TheWizards,USD 10.00
The Complete and Utter AliExpress eBook,Social Engineering,TheWizards,USD 10.00
A Professional Tick Tok Account Hacker for Hire,Social Engineering,TheWizards,USD 11.99
A Synthesis on How To Sniff Facebook Passwords On Android,Social Engineering,TheWizards,USD 9.99
A Synthesis on How to Make $5000 a Month With Ebay,Social Engineering,TheWizards,USD 9.99
Nerdwallet.com | Credit Score 700+,Social Engineering,fullzipp,USD 20.01
Account Hacker Software for Facebook,Social Engineering,TheWizards,USD 10.00
Tribe of Hackers - Amazing Ebooks To Read,Social Engineering,Topvendor,USD 10.00
Tryptamine LSD-25 Syntheses Reference Encyclopedia,Social Engineering,TheWizards,USD 10.00
A Professional Video on How to Claim a Free iPhone,Social Engineering,TheWizards,USD 10.00
Porn Hub Premium Porn Account,Social Engineering,TheWizards,USD 10.00
The Complete $3000 a Day Platinum Mobile Check Fraud System,Social Engineering,TheWizards,USD 10.00
Courses 134GB,Social Engineering,Topvendor,USD 17.65
The Complete and Utter Hack Password and Password Finder Cracked Version,Social Engineering,TheWizards,USD 10.00
The Western Union Credit Card Cashout Synthesis,Social Engineering,TheWizards,USD 10.00
The Complete and Utter Hacking Synthesis,Social Engineering,TheWizards,USD 9.99
ETHICAL HACKING AND IT SECURITY ALL MALCOLM SHORE COURSES,Social Engineering,Topvendor,USD 70.58
A Professional and Reliable Facebook Hacker for Hire,Social Engineering,TheWizards,USD 12.00
A Synthesis on How To Not Get Suspended on Ebay and PayPal,Social Engineering,TheWizards,USD 10.00
The Complete and Utter Underground Collection,Social Engineering,TheWizards,USD 10.00
You Can Hire a Professional iCloud Hacker,Social Engineering,TheWizards,USD 12.00
Microsoft Windows 10 PRO FULL X64 Pre-Activated,Social Engineering,TheWizards,USD 10.00
1k instagram followers 100% Safe - cheapest wholesale price - No Password Required,Social Engineering,theartsyguy100,USD 6.00
3k Tiktok likes 100% Risk free - cheapest wholesale price - No Password Required,Social Engineering,theartsyguy100,USD 11.00
"Biggest Graphics Pack - 20GB+ Psd Files, vectors, effects, logos, png images and more",Social Engineering,theartsyguy100,USD 7.00
The Complete and Utter Heroin Making E-Book,Social Engineering,TheWizards,USD 9.99
The Complete and Utter Mega Passport Scans ID Kit,Social Engineering,TheWizards,USD 9.99
Hire A Hacker to Hack Gmail and Yahoo Accounts,Social Engineering,TheWizards,USD 12.00
Instagram LIKES x3000 HIGH QUALITY - EXTRA Delivery - Warranty,Social Engineering,KingAccount,USD 12.00
A Facebook Instagram Password and Account Hacker,Social Engineering,TheWizards,USD 9.99
The Big Drug Production Handbook,Social Engineering,TheWizards,USD 10.00
A Professional and Reliable EMail Hacker for Hire,Social Engineering,TheWizards,USD 12.00
A Full Bitcoin Altcoin Trading Package,Social Engineering,TheWizards,USD 11.99
The Complete and Utter Mega Botnet Pack,Social Engineering,TheWizards,USD 10.00
Instagram LIKES x5000 HIGH QUALITY - EXTRA Delivery - Warranty,Social Engineering,KingAccount,USD 20.00
Asia Movie Pass Premium Porn Account with Warranty,Social Engineering,TheWizards,USD 10.00
The Complete and Utter Stripe Guide Synthesis,Social Engineering,TheWizards,USD 9.99
Babes Premium Porn Account with Warranty,Social Engineering,TheWizards,USD 10.00
The Complete and Utter Uber Fraud Package,Social Engineering,TheWizards,USD 10.00
Naughty America Porn Account with Warranty,Social Engineering,TheWizards,USD 10.00
A Professional iCloud Hacker for Hire,Social Engineering,TheWizards,USD 12.00
Instagram Followers x3000 HIGH QUALITY - EXTRA Delivery - Warranty,Social Engineering,KingAccount,USD 15.00
Instagram Followers x20000 HIGH QUALITY - EXTRA Delivery - Warranty,Social Engineering,KingAccount,USD 100.00
Instagram Followers x30000 HIGH QUALITY - EXTRA Delivery - Warranty,Social Engineering,KingAccount,USD 150.00
Instagram Followers x40000 HIGH QUALITY - EXTRA Delivery - Warranty,Social Engineering,KingAccount,USD 200.00
Instagram Followers x50000 HIGH QUALITY - EXTRA Delivery - Warranty,Social Engineering,KingAccount,USD 250.00
Instagram Followers x100000 HIGH QUALITY - EXTRA Delivery - Warranty,Social Engineering,KingAccount,USD 500.00
Instagram LIKES x2000 HIGH QUALITY - EXTRA Delivery - Warranty,Social Engineering,KingAccount,USD 8.00
Instagram LIKES x4000 HIGH QUALITY - EXTRA Delivery - Warranty,Social Engineering,KingAccount,USD 16.00
Instagram VIEWS x2000 HIGH QUALITY - EXTRA Delivery - Warranty,Social Engineering,KingAccount,USD 8.00
Instagram VIEWS x3000 HIGH QUALITY - EXTRA Delivery - Warranty,Social Engineering,KingAccount,USD 12.00
Instagram VIEWS x4000 HIGH QUALITY - EXTRA Delivery - Warranty,Social Engineering,KingAccount,USD 16.00
Instagram VIEWS x5000 HIGH QUALITY - EXTRA Delivery - Warranty,Social Engineering,KingAccount,USD 20.00
Youtube LIKES x3000 HIGH QUALITY - EXTRA Delivery - Warranty,Social Engineering,KingAccount,USD 15.00
Youtube LIKES x4000 HIGH QUALITY - EXTRA Delivery - Warranty,Social Engineering,KingAccount,USD 20.00
Youtube VIEWS x3000 HIGH QUALITY - EXTRA Delivery - Warranty,Social Engineering,KingAccount,USD 15.00
Youtube VIEWS x4000 HIGH QUALITY - EXTRA Delivery - Warranty,Social Engineering,KingAccount,USD 20.00
Tiktok Likes x5000 HIGH QUALITY - EXTRA Delivery - Warranty,Social Engineering,KingAccount,USD 40.00
Tiktok Views x3000 HIGH QUALITY - EXTRA Delivery - Warranty,Social Engineering,KingAccount,USD 15.00
Tiktok Views x4000 HIGH QUALITY - EXTRA Delivery - Warranty,Social Engineering,KingAccount,USD 20.00
Tiktok Views x5000 HIGH QUALITY - EXTRA Delivery - Warranty,Social Engineering,KingAccount,USD 25.00
The Complete and Utter Drug Making EBook,Social Engineering,TheWizards,USD 10.00
UFC Fight Pass Premium Account with Warranty,Social Engineering,TheWizards,USD 10.00
1k instagram Likes on posts 100% Safe - cheapest wholesale price - No Password Required,Social Engineering,theartsyguy100,USD 6.00
The Plain and Simple Bitcoin Stealer,Social Engineering,TheWizards,USD 9.99
Tiktok Likes x4000 HIGH QUALITY - EXTRA Delivery - Warranty,Social Engineering,KingAccount,USD 32.00
The Complete and Utter Portable UltraBox,Social Engineering,TheWizards,USD 10.00
3000 Instagram LIKES $9 CHEAPEST ON MARKET,Social Engineering,ThePirateIsland,USD 8.95
10000 Instagram LIKES $25 CHEAPEST ON MARKET,Social Engineering,ThePirateIsland,USD 24.95
30000 Instagram LIKES $75 CHEAPEST ON MARKET,Social Engineering,ThePirateIsland,USD 74.95
40000 Instagram LIKES $100 CHEAPEST ON MARKET,Social Engineering,ThePirateIsland,USD 99.95
50000 Instagram LIKES $125 CHEAPEST ON MARKET,Social Engineering,ThePirateIsland,USD 124.95
2000 Instagram VIEWS $6 CHEAPEST ON MARKET,Social Engineering,ThePirateIsland,USD 5.95
3000 Instagram VIEWS $9 CHEAPEST ON MARKET,Social Engineering,ThePirateIsland,USD 8.95
4000 Instagram VIEWS $12 CHEAPEST ON MARKET,Social Engineering,ThePirateIsland,USD 11.95
5000 Instagram VIEWS $15 CHEAPEST ON MARKET,Social Engineering,ThePirateIsland,USD 14.95
10000 Instagram VIEWS $25 CHEAPEST ON MARKET,Social Engineering,ThePirateIsland,USD 24.95
20000 Instagram VIEWS $50 CHEAPEST ON MARKET,Social Engineering,ThePirateIsland,USD 49.95
30000 Instagram VIEWS $75 CHEAPEST ON MARKET,Social Engineering,ThePirateIsland,USD 74.95
40000 Instagram VIEWS $100 CHEAPEST ON MARKET,Social Engineering,ThePirateIsland,USD 99.95
50000 Instagram VIEWS $125 CHEAPEST ON MARKET,Social Engineering,ThePirateIsland,USD 124.95
Telegram 1000 Post Views (Last 100 posts) $35 CHEAPEST ON MARKET,Social Engineering,ThePirateIsland,USD 34.95
2000 Soundcloud Followers $10 CHEAPEST ON MARKET,Social Engineering,ThePirateIsland,USD 9.95
4000 Soundcloud Followers $20 CHEAPEST ON MARKET,Social Engineering,ThePirateIsland,USD 19.95
2000 Youtube Likes $6 CHEAPEST ON MARKET,Social Engineering,ThePirateIsland,USD 5.95
4000 Youtube Likes $12 CHEAPEST ON MARKET,Social Engineering,ThePirateIsland,USD 11.95
2000 Youtube Views $10 CHEAPEST ON MARKET,Social Engineering,ThePirateIsland,USD 9.95
3000 Youtube Views $15 CHEAPEST ON MARKET,Social Engineering,ThePirateIsland,USD 14.95
5000 Youtube Views $25 CHEAPEST ON MARKET,Social Engineering,ThePirateIsland,USD 24.95
Tiktok x1000 Likes Cheapest on Market,Social Engineering,ThePirateIsland,USD 6.95
Tiktok x1000 views Cheapest on Market,Social Engineering,ThePirateIsland,USD 6.95
"FLIGHTS, HOTELS & CARS - TRAVEL SERVICES - 60% OFF",Social Engineering,tornadotravel,USD 20.00
The Complete Malware Analysis Training to Build Irresistible Resume and Be The Expert of Your Response Team,Social Engineering,Topvendor,USD 100.00
GF Revenge Premium Porn Account with Warranty,Social Engineering,TheWizards,USD 9.99
Instagram Shadowban Removal | (Fix what can‚Äôt be recommended),Social Engineering,xiaobaobei26,USD 2000.00
Snapchat Ban Service,Social Engineering,xiaobaobei26,USD 450.00
Instagram Lookups in com,Social Engineering,xiaobaobei26,USD 2000.00
Instagram BAN | Any account 0 - 10M,Social Engineering,xiaobaobei26,USD 300.00
SPOOFING SMS/CALL,Social Engineering,MrSoSa,USD 1.00
[AUTO DISPATCH] Creating a Synthetic Personality - CPN soup,Social Engineering,Votan,USD 3.00
JavHD Premium Porn Account with Warranty,Social Engineering,TheWizards,USD 10.00
FLASHING BITCOIN TOOL,Social Engineering,fullzipp,USD 45.01
A Pack of 20 Carding Videos,Social Engineering,TheWizards,USD 10.00
"How I Made $17,497 in 60 days Finding Lost crypto From AbandonedForgotten Wallets",Social Engineering,Color,USD 1.91
Hire a Facebook EMail Hacker,Social Engineering,TheWizards,USD 9.99
NBA League Pass with Warranty,Social Engineering,TheWizards,USD 10.00
IP Vanish Account with Warranty,Social Engineering,TheWizards,USD 10.00
FTVGirls Premium Porn Account with Warranty,Social Engineering,TheWizards,USD 9.99
The Biggest Fraud Package on the Dark Net,Social Engineering,TheWizards,USD 10.00
Hire a Facebook and Whatsapp Hacker,Social Engineering,TheWizards,USD 9.99
Instagram Unban | INSTANT SAME DAY,Social Engineering,xiaobaobei26,USD 7401.00
Tiktok Ban Service,Social Engineering,xiaobaobei26,USD 1000.00
Whatsapp Bans | Permanent,Social Engineering,xiaobaobei26,USD 500.00
