drunkdragon,Botnets and Malware,Instalador 2.0 (Keylogger),USD 1
g3cko,Botnets and Malware,Ardamax Keylogger - hidden spying in PC,USD 2
bigone1,Botnets and Malware,Android Remote Administration Tool (5.0),USD 1
topvendor,Botnets and Malware,Private Malware-Dropper - Full Source Code,GBP 49
drunkdragon,Botnets and Malware,Dracula Logger - Final Edition (Keylogger),USD 1
topvendor,Botnets and Malware,AhMyth Android RAT - Remote Access Trojan + Great Video of Whatsap repackaging Attack - bind whatsap with RAT Tutorial.,USD 120
bigone1,Botnets and Malware,Antidetect 7.3 + Fraudfox VM + Ccleaner Pro (2020),USD 7
g3cko,Botnets and Malware,Software to Hack Minecraft accounts !,USD 42
drunkdragon,Botnets and Malware,Project Neptune 2.0 (Keylogger),USD 1
topvendor,Botnets and Malware,Silent XMR Miner,USD 100
themesong70,Botnets and Malware,WORMS / MALWARE / VIRUS MAKER,USD 14
bluemarket,Botnets and Malware,WARBOT CRACKED,USD 6
thewizard,Botnets and Malware,Ardamax Keylogger for Hidden Spying for PC,USD 10
topvendor,Botnets and Malware,DEFENSOR ID a stealthy Android banking Trojan- Source Code,USD 100
rvaska,Botnets and Malware,Bitcoin Stealer Mass Generator,USD 4
drunkdragon,Botnets and Malware,Rapzo Logger 1.5 (Keylogger),USD 1
drunkdragon,Botnets and Malware,DIGITAL KEYLOGGER 3.3 (Keylogger),USD 1
g0ldenboy,Botnets and Malware,-== MASS SMS SPAMMING SERVICE ==-,USD 20
drunkdragon,Botnets and Malware,Lions Keylogger - Final Edition (Keylogger),USD 1
eucarder,Botnets and Malware,Loki 2.0 Botnet,USD 14
topvendor,Botnets and Malware,Android RAT / Windows RAT / Linux RAT / MAC RAT - All In One tool,USD 100
xiaobaobei26,Botnets and Malware,Powerful Botnet Up to 1 Tbps (1HOUR RENTAL) *HQ*,USD 400
bigone1,Botnets and Malware,"Best Hacking Mega Pack (Rats, Keylogger, Cracks And Many More)",USD 6
g3cko,Botnets and Malware,Ultimate Hacking Toolz Collection,USD 2
eucarder,Botnets and Malware,Blackmail Bitcoin Ransomware (With Sourcecode),USD 16
thewizard,Botnets and Malware,The Complete and Utter iPhone Android Hacking Software,USD 10
bluemarket,Botnets and Malware,Advance Phishing Tool 2.1,USD 4
drunkdragon,Botnets and Malware,Ultimate Hacking Tools Pack (400+ Tools),USD 1
g3cko,Botnets and Malware,Software to Hack Uplay accounts - free games !,USD 42
g3cko,Botnets and Malware,Software to Hack Spotify accounts - free music !,USD 42
auscardking,Botnets and Malware,SPYNOTE V5.0 - ANDROID REMOTE ADMINISTRATION TOOL (RAT),AUD 10
wfowfo,Botnets and Malware,Spy MAX v1.0 - Android RAT - Hack Android Phones,EUR 10
topvendor,Botnets and Malware,Multi OS Rat android Linux Mac and Windows - All In One Very clean,EUR 120
bigone1,Botnets and Malware,Lizard Stresser DB,USD 1
drunkdragon,Botnets and Malware,Infinity Crypter Cracked,USD 1
g3cko,Botnets and Malware,Hash Finder - crack and get any database !,USD 42
bigone1,Botnets and Malware,Bitcoin Stealer + Address Generator (Very Easy Setup 2020),USD 1
themesong70,Botnets and Malware,Virus Builder / Kill Switch,USD 5
g3cko,Botnets and Malware,Dorks Maker - crack and get any database !,USD 42
g0ldenboy,Botnets and Malware,-== E-Mail Bombing Service ==-,USD 10
topvendor,Botnets and Malware,LimeRAT Ransomware Miner DDoS BTC Stealer Bypass AV Multi Ports Stable,EUR 89
thewizard,Botnets and Malware,The Complete and Utter Dangerous Viruses Pack,USD 10
rvaska,Botnets and Malware,"HACK MEGA PACK: RATS, KEYLOGGER, CRACKS AND MORE",USD 4
thesabbath,Botnets and Malware,EST CRYPTOLOCKER BOTNET! READY TO SEND,USD 450
chernobyl,Botnets and Malware,HALIFAX LATEST SCAMPAGE COMPLETE,USD 20
drunkdragon,Botnets and Malware,Poison Logger - Final Edition (Keylogger),USD 1
wfowfo,Botnets and Malware,Spy MAX v1.0 - Android RAT - Hack Android Phones,EUR 10
wfowfo,Botnets and Malware,ACCOUNT HACKING PACK - 600+ Hacking Tools - Easy to use,EUR 25
bigone1,Botnets and Malware,SmsBot Android Botnet,USD 1
topvendor,Botnets and Malware,BLACKNET ADVANCED MULTI-OS BOTNET DDOS PASS STEALER BTC GRABBER + SOURCE + Setting up Support,USD 120
bigone1,Botnets and Malware,Dendroid Android RAT (REMOTE ADMIN TOOL),USD 1
g3cko,Botnets and Malware,Software to Hack Chaturbate accounts !,USD 42
drunkdragon,Botnets and Malware,DIGITAL KEYLOGGER 3.3 (Keylogger),USD 1
topvendor,Botnets and Malware,Banking Bot Stealer - Cerberus v2 Andriod Banking Trojan Bot - Be self dependent,GBP 99
themesong70,Botnets and Malware,Bitcoin Stealer Mass address Generator + setup guide,USD 3
bigone1,Botnets and Malware,Botnet Pack + Guide,USD 1
bluemarket,Botnets and Malware,BLACKNET V3 +V3.5 ADVANCED MULTIOS BOTNET DDOS PASS STEALER BTC GRABBER + SOURCE,USD 9
chernobyl,Botnets and Malware,CIBC CANADA LATEST SCAMPAGE COMPLETE,USD 20
g3cko,Botnets and Malware,Software to Hack Netflix accounts - free Netflix !,USD 42
g3cko,Botnets and Malware,Software to Hack Origin accounts - play free !,USD 42
eucarder,Botnets and Malware,BTC Bitcoin Stealer Source Code and Mass Generator,USD 15
drunkdragon,Botnets and Malware,BLACKHAWK - FINAL EDITION (Keylogger),USD 1
topvendor,Botnets and Malware,List Of the Most popular Remote Access Trojan Clean,GBP 100
g3cko,Botnets and Malware,Link Searcher - hack and get any database !,USD 42
topvendor,Botnets and Malware,Private Changer-MultiClipper Full source code,USD 119
topvendor,Botnets and Malware,Top used Andriod Trojan - Spy on Andriod users- Support Included,USD 129
g0ldenboy,Botnets and Malware,-== MASS SMS SPAMMING SERVICE ==-,USD 20
themesong70,Botnets and Malware,Virus Builder / Kill Switch,USD 5
bigone1,Botnets and Malware,Best Bitcoin Stealer Address Generator (2020),USD 3
drunkdragon,Botnets and Malware,Lions Keylogger - Final Edition (Keylogger),USD 1
topvendor,Botnets and Malware,VENOM SOFTWARE $550 Remote Access Tool - Trojan RAT,EUR 120
drunkdragon,Botnets and Malware,Spytech Spyagent Keylogger,USD 1
topvendor,Botnets and Malware,SpyNote V6.4 ( source code ) Android Remote Access Trojan,USD 150
bigone1,Botnets and Malware,Android Mega Tools Pack (Bugtroid),USD 3
topvendor,Botnets and Malware,Top List of advanced Keyloggers - Clean,USD 129
rvaska,Botnets and Malware,BIGGEST FRAUD PACKAGE ON THE MARKET VPN - ANTIDETECT,USD 4
auscardking,Botnets and Malware,ORCUS 1.9 REMOTE ADMINISTRAION TOOL + ANTI TAKEDOWN MOD VERY POWERFUL RAT,AUD 10
wfowfo,Botnets and Malware,HACK PACK - GET FREE ACCOUNTS,EUR 25
thewizard,Botnets and Malware,The Complete and Utter 70 Crypter Pack,USD 7
g3cko,Botnets and Malware,Bitcoin stealing virus 2018 - get unlimited BTC !,USD 5
drhack3r,Botnets and Malware,The most powerful RAT 2021 Venom (550$) + Crypter + binder 100% undetectable + XMR silent miner,USD 199
eucarder,Botnets and Malware,The Ultimate Blackmail Bitcoin Ransomwares ...Source Codes...,USD 18
g3cko,Botnets and Malware,Software to Hack Chaturbate accounts !,USD 42
eucarder,Botnets and Malware,ARES RAT v1.2.1 (Bitcoin BTC Stealer Plugin Included),USD 15
topvendor,Botnets and Malware,Cracked Phoenix Keylogger more than 45Features Password Recovery Stealth Persistence,GBP 49
drunkdragon,Botnets and Malware,Instalador 2.0 (Keylogger),USD 1
bigone1,Botnets and Malware,"Best Hacking Mega Pack (Rats, Keylogger, Cracks And Many More)",USD 6
thesabbath,Botnets and Malware,EST CRYPTOLOCKER BOTNET! READY TO SEND,USD 450
chernobyl,Botnets and Malware,HALIFAX LATEST SCAMPAGE COMPLETE,USD 20
g3cko,Botnets and Malware,New Antidetect 7 R1 2017 CARDER PRO PACK,USD 6
bigone1,Botnets and Malware,Antidetect 7.3 + Fraudfox VM + Ccleaner Pro (2020),USD 7
drunkdragon,Botnets and Malware,Perfect Keylogger 1.62 (Keylogger),USD 1
thewizard,Botnets and Malware,The Complete and Utter 70 Crypter Pack,USD 7
drunkdragon,Botnets and Malware,Ttiger Keylogger 1.0 (Keylogger),USD 1
bigone1,Botnets and Malware,DarkComet RAT,USD 1
bigone1,Botnets and Malware,Ultimate Hacking Package,USD 4
thewizard,Botnets and Malware,The Complete and Utter iPhone Android Hacking Software,USD 10
bigone1,Botnets and Malware,SmsBot Android Botnet,USD 1
bigone1,Botnets and Malware,Best Mobile Hacking Software,USD 4
bluemarket,Botnets and Malware,Advance Phishing Tool 2.1,USD 4
bigone1,Botnets and Malware,"Hacker Biggest package (RATs, KeyLoggers ETC)",USD 7
topvendor,Botnets and Malware,TROJAN + BITCOIN CLIPPER + CRYPT . Tutoring hacks. Full Hacking Course,EUR 400
g3cko,Botnets and Malware,Software to Hack eShops accounts - get free items,USD 42
wfowfo,Botnets and Malware,ACCOUNT HACKING PACK - 600+ Hacking Tools - Easy to use,EUR 25
drunkdragon,Botnets and Malware,Poison Logger - Final Edition (Keylogger),USD 1
topvendor,Botnets and Malware,Android Tester V6.4.6 (RAT) and Source Code,GBP 99
topvendor,Botnets and Malware,Multi OS Rat android Linux Mac and Windows - All In One Very clean,EUR 120
bigone1,Botnets and Malware,Dendroid Android RAT (REMOTE ADMIN TOOL),USD 1
bluemarket,Botnets and Malware,"20 BOTNET SOURCES, FEATURING GALAXY V7, OREO QBOT, EXECUTION 6.1+",USD 5
bigone1,Botnets and Malware,Droid Jack 4.4 (Android RAT),USD 1
g3cko,Botnets and Malware,Perfect hacking tool - USB data stealer,USD 2
thewizard,Botnets and Malware,Spy Note 5.0 Android Remote Administration Tool,USD 10
topvendor,Botnets and Malware,VENOM SOFTWARE $550 Remote Access Tool - Trojan RAT,EUR 120
topvendor,Botnets and Malware,Silent XMR Miner,USD 100
bigone1,Botnets and Malware,Best Bitcoin Stealer Address Generator (2020),USD 3
drunkdragon,Botnets and Malware,Spytech Spyagent Keylogger,USD 1
chernobyl,Botnets and Malware,CIBC CANADA LATEST SCAMPAGE COMPLETE,USD 20
topvendor,Botnets and Malware,Private USB-Spreader - And Full Source Code,USD 59
wick7,Botnets and Malware,LimRAT Ransomware,USD 100
g3cko,Botnets and Malware,Bitcoin Stealer guide + software,USD 2
topvendor,Botnets and Malware,Banking Bot Stealer - Cerberus v2 Andriod Banking Trojan Bot - Be self dependent,GBP 99
g3cko,Botnets and Malware,Bitcoin stealing virus 2018 - get unlimited BTC !,USD 5
g3cko,Botnets and Malware,Ardamax Keylogger - hidden spying in PC,USD 2
thewizard,Botnets and Malware,Hack iCloud and Access any Phone Bypass Passcodes,USD 10
bluemarket,Botnets and Malware,WARBOT CRACKED,USD 6
bigone1,Botnets and Malware,DarkComet RAT,USD 1
topvendor,Botnets and Malware,LimeRAT Ransomware Miner DDoS BTC Stealer Bypass AV Multi Ports Stable,EUR 89
breadsdrugged,Botnets and Malware,BITCOIN STEALER WITH SOURCE CODE + COMPLETE GUIDE,USD 10
g3cko,Botnets and Malware,Link Searcher - hack and get any database !,USD 42
g3cko,Botnets and Malware,Software to Hack eShops accounts - get free items,USD 42
xiaobaobei26,Botnets and Malware,Powerful Botnet Up to 1 Tbps (1HOUR RENTAL) *HQ*,USD 400
wfowfo,Botnets and Malware,DroidJack - Android Remote Administration Tool,EUR 25
topvendor,Botnets and Malware,Private Changer-MultiClipper Full source code,USD 119
topvendor,Botnets and Malware,Private USB-Spreader - And Full Source Code,USD 59
bluemarket,Botnets and Malware,Advance Phishing Tool 2.1,USD 4
thewizard,Botnets and Malware,The Complete and Utter 70 Crypter Pack,USD 7
drunkdragon,Botnets and Malware,Khnoll Keylogger - Final Edition (Keylogger),USD 1
thewizard,Botnets and Malware,A Facebook Account Brute Checker,USD 7
topvendor,Botnets and Malware,SpyBox RAT - Amazing Remote Access Trojan - Steal Your Victims remotely,USD 60
drunkdragon,Botnets and Malware,Silent Logger 1.6 (Keylogger),USD 1
wick7,Botnets and Malware,LimRAT Ransomware,USD 100
topvendor,Botnets and Malware,WARZONE C++ RAT 2.70 - HRDP - hVNC - REVERSE PROXY - PASSWORD RECOVERY - + WAREZONE CRYPTER COST 199$- 2021 HOT ON WHM,EUR 130
bigone1,Botnets and Malware,Botnet Pack + Guide,USD 1
wfowfo,Botnets and Malware,BITCOIN STEALER WITH SOURCE CODE + COMPLETE GUIDE,EUR 25
g3cko,Botnets and Malware,Software to Hack Spotify accounts - free music !,USD 42
bluemarket,Botnets and Malware,BLACKNET V3 +V3.5 ADVANCED MULTIOS BOTNET DDOS PASS STEALER BTC GRABBER + SOURCE,USD 9
drunkdragon,Botnets and Malware,AUX LOGGER 3.0 (Keylogger),USD 1
drunkdragon,Botnets and Malware,Drunken Zombie 1.0 (Keylogger),USD 1
drunkdragon,Botnets and Malware,Perfect Keylogger 1.62 (Keylogger),USD 1
auscardking,Botnets and Malware,ORCUS 1.9 REMOTE ADMINISTRAION TOOL + ANTI TAKEDOWN MOD VERY POWERFUL RAT,AUD 10
equifax,Botnets and Malware,ATM Jackpotting Malware - Wincor NFC - NO USB ACCESS REQUIRED,USD 6000
drunkdragon,Botnets and Malware,Total Logger 1.0 (Keylogger),USD 1
topvendor,Botnets and Malware,"Remcos RAT 189,00 EURO for 100$",USD 100
rvaska,Botnets and Malware,The Ultimate Crime Exploit Kit,USD 4
themesong70,Botnets and Malware,Blackmail Bitcoin Ransomware With Sourcecode,USD 15
themesong70,Botnets and Malware,WORMS / MALWARE / VIRUS MAKER,USD 14
bigone1,Botnets and Malware,BlackShades RAT 5.5.1 + User Guide,USD 1
chernobyl,Botnets and Malware,CIBC CANADA LATEST SCAMPAGE COMPLETE,USD 20
g0ldenboy,Botnets and Malware,-== MASS SMS SPAMMING SERVICE ==-,USD 20
themesong70,Botnets and Malware,Bitcoin Stealer Mass address Generator + setup guide,USD 3
drunkdragon,Botnets and Malware,Silent Logger 1.6 (Keylogger),USD 1
topvendor,Botnets and Malware,Sseur Keyloger,GBP 9
g0ldenboy,Botnets and Malware,-== E-Mail Bombing Service ==-,USD 10
topvendor,Botnets and Malware,DiamondFox Modular Loader Stealer Crypto Hijacker Ransomware RAM Scraper Keylogger,USD 1000