vendor,price,category,name,sold,in-stock
colombiaconnection,7.76 USD,Other accounts,KEEP2SHARE.CC ★PREMIUM ACCOUNT★ [Lifetime Warranty],0 Accounts,37 Accounts
colombiaconnection,8.73 USD,Porn Accounts,EVILANGEL COM – ★PREMIUM ACCOUNT★ [Lifetime Warranty],2 Accounts,17 Accounts
colombiaconnection,2.90 USD,Porn Accounts,ADULTEMPIRE.COM ★UHD - 4K ACCOUNT★ [Lifetime Warranty],0 Accounts,92 Accounts
colombiaconnection,11.16 USD,VPN,TORGUARD.NET VPN+Proxy Bundle ★PREMIUM ACCOUNT★ [Lifetime Warranty],9 Accounts,34 Accounts
colombiaconnection,2.90 USD,VPN,IPVANISH.COM – VPN – ★PREMIUM ACCOUNT★ [Lifetime],0 Accounts,20 Accounts
colombiaconnection,4.66 USD,Audio,TIDAL.COM – ★HI-FI Account★ [LifeTime Warranty],1 Account,18 Accounts
colombiaconnection,5.99 USD,VPN,IronSocket VPN (SOCKS5) ★PREMIUM ACCOUNT★ [Lifetime Account],0 Accounts,37 Accounts
colombiaconnection,8.00 USD,eBooks and Tutorials,READLY.COM ★PREMIUM ACCOUNT★ [Lifetime Warranty],0 Accounts,15 Accounts
colombiaconnection,2.89 USD,VPN,NORDVPN.COM - ★PREMIUM ACCOUNT★ [Lifetime Warranty],1 Account,25 Accounts
colombiaconnection,14.55 USD,Video,Amazon Prime Video PRIMEVIDEO.COM – ★Premium Account★ [LifeTime Warranty],0 Accounts,19 Accounts
colombiaconnection,4.66 USD,Porn Accounts,DDFBUSTY.COM and DDFNETWORK.COM – ★PREMIUM ACCOUNT★ [Lifetime Warranty],0 Accounts,21 Accounts
colombiaconnection,5.00 USD,eBooks and Tutorials,How to Install a Botnet,0 Tutorials,30 Tutorials
timmiroll56,350.00 USD,Hacking and Cracking,Hire a hacker,0 items,10000 items
colombiaconnection,2.89 USD,Porn Accounts,FAKEHUB.COM – ★PREMIUM ACCOUNT★ [Lifetime Warranty],0 Accounts,31 Accounts
colombiaconnection,523.00 USD,eBooks and Tutorials,How to impregnate cocaine in Paper or Paperboard,4 Magazines,96 Magazines
colombiaconnection,24.25 USD,Socks,VN5SOCKS.NET – ★PREMIUM ACCOUNTS★ [Lifetime Warranty],2 Accounts,16 Accounts
colombiaconnection,4.83 USD,Porn Accounts,18TOKYO.COM – ★PREMIUM ACCOUNT★ [Lifetime Warranty],0 Accounts,16 Accounts
colombiaconnection,14.55 USD,Video,SPORTSACCESS.SE ★PREMIUM ACCOUNT★ [Lifetime] IPTV Premium Service,0 Playlists,18 Playlists
colombiaconnection,5.82 USD,VPN,TUXLER.COM – RESIDENTIAL VPN – ★PREMIUM ACCOUNT★ [Lifetime Warranty],0 Accounts,100 Accounts
colombiaconnection,4.84 USD,VPN,HIDEMYASS.COM – VPN – ★PREMIUM ACCOUNT★ [Lifetime Warranty],0 Accounts,21 Accounts
colombiaconnection,5.82 USD,Video,DISHANYWHERE.COM – ★Premium Account★ [LifeTime Warranty],2 Accounts,48 Accounts
colombiaconnection,6.77 USD,Porn Accounts,JOYMII.COM – ★PREMIUM ACCOUNT★ [Lifetime Warranty],0 Accounts,23 Accounts
colombiaconnection,1.07 USD,eBooks and Tutorials,SCRIBD.COM ★PREMIUM ACCOUNT★ [Lifetime Warranty],1 Tutorial,23 Tutorials
colombiaconnection,14.55 USD,Other accounts,MULTISHARE.CZ ★PREMIUM ACCOUNT★ [Lifetime Warranty],0 Accounts,18 Accounts
colombiaconnection,4.83 USD,Porn Accounts,ATKEXOTICS.COM – ★PREMIUM ACCOUNT★ [Lifetime Warranty],0 Accounts,100 Accounts
colombiaconnection,2.90 USD,Porn Accounts,BRAZZERS.COM – ★PREMIUM ACCOUNT★ [Lifetime Warranty],2 Accounts,98 Accounts
colombiaconnection,242.00 USD,eBooks and Tutorials,How to extract cocaine from Paper or Paperboard,4 Magazines,96 Magazines
colombiaconnection,7.74 USD,VPN,PUREVPN.COM ★PREMIUM ACCOUNT★ [Lifetime],0 Accounts,19 Accounts
colombiaconnection,4.66 USD,Porn Accounts,DIGITALPLAYGROUND.COM – ★PREMIUM ACCOUNT★ [Lifetime Warranty],1 Account,20 Accounts
colombiaconnection,6.00 USD,Video,CURIOSITYSTREAM.COM ★UHD - 4K ACCOUNT★ [Lifetime Warranty],0 Accounts,21 Accounts
colombiaconnection,4.75 USD,Porn Accounts,PORNHUBPREMIUM.COM – ★PREMIUM ACCOUNT★ [Lifetime Warranty],0 Accounts,20 Accounts
colombiaconnection,4.73 USD,Video,NETFLIX.COM ★UHD - 4K ACCOUNT★ [Lifetime Warranty],7 Accounts,22 Accounts
colombiaconnection,3.98 USD,Video,DISNEYPLUS.COM ★Premiun Account★ [Lifetime Warranty],0 Accounts,100 Accounts
colombiaconnection,5.82 USD,Legit Software,Adobe Acrobat Pro DC 2020 20.006.20034 Full,0 Software,11 Software
colombiaconnection,14.55 USD,Video,HEXIPTV.COM ★Premium IPTV M3U Playlist★ [Lifetime],3 Playlists,11 Playlists
colombiaconnection,5.00 USD,eBooks and Tutorials,HEAD Magazine 1977 - Special Cocaine Issue,1 Magazine,11 Magazines
colombiaconnection,4.75 USD,Porn Accounts,PORNFIDELITY.COM – ★PREMIUM ACCOUNT★ [Lifetime Warranty],0 Accounts,24 Accounts
colombiaconnection,6.79 USD,Porn Accounts,TINY4K-POVD-CASING-COUCH-X-FANTASYHD-PASSIONHD – ★PREMIUM ACCOUNT★ [Lifetime Warranty],1 Account,20 Accounts
colombiaconnection,1.75 USD,Porn Accounts,WTFPASS.COM – ★PREMIUM ACCOUNT★ [Lifetime Warranty],1 Account,17 Accounts
colombiaconnection,1.94 USD,Communications,Anonymous mobile text comunication,0 Guides,100 Guides
colombiaconnection,12.00 USD,Hacking and Cracking,Facebook Blaster PRO (FULL VERSION),3 Software,9 Software
colombiaconnection,14.55 USD,Other accounts,BAIXARPREMIUM.NET ★PREMIUM ACCOUNT★ [Lifetime Warranty],1 Account,27 Accounts
colombiaconnection,3.86 USD,Porn Accounts,BANGBROS.COM – ★PREMIUM ACCOUNT★ [Lifetime Warranty],1 Account,19 Accounts
colombiaconnection,3.86 USD,Video,DAZN.COM – ★Premium Account★ [LifeTime Warranty],3 Accounts,16 Accounts
colombiaconnection,9.51 USD,Porn Accounts,PORNSTARNETWORK.COM – ★PREMIUM ACCOUNT★ [Lifetime Warranty],0 Accounts,15 Accounts
colombiaconnection,3.86 USD,Porn Accounts,MOFOS.COM – ★PREMIUM ACCOUNT★ [Lifetime Warranty],0 Accounts,18 Accounts
colombiaconnection,4.83 USD,Porn Accounts,TEAMSKEET.COM – ★PREMIUM ACCOUNT★ [Lifetime Warranty],2 Accounts,22 Accounts
colombiaconnection,5.00 USD,Other accounts,DEPOSITEFILES.COM ★PREMIUM ACCOUNT★ [Lifetime Warranty],0 Accounts,17 Accounts
colombiaconnection,4.45 USD,Porn Accounts,NAUGHTYAMERICA.COM – ★PREMIUM ACCOUNT★ [Lifetime Warranty],0 Accounts,25 Accounts
colombiaconnection,6.77 USD,Porn Accounts,X-ART.COM – ★PREMIUM ACCOUNT★ [Lifetime Warranty],0 Accounts,18 Accounts
colombiaconnection,14.55 USD,Other accounts,DOWNLOADER.GURU ★PREMIUM ACCOUNT★ [Lifetime Warranty],0 Accounts,25 Accounts
colombiaconnection,4.84 USD,VPN,AIRVPN.ORG - ★PREMIUM ACCOUNT★ [Lifetime Warranty],0 Accounts,100 Accounts
colombiaconnection,2.79 USD,Video,XFINITY.COM COMCAST TV Online Package – ★PREMIUM★ [LifeTime Warranty],2 Accounts,29 Accounts
colombiaconnection,14.55 USD,Other accounts,PREMIUMIZE.ME ★PREMIUM ACCOUNT★ [Lifetime Warranty],1 Account,21 Accounts
colombiaconnection,4.75 USD,Porn Accounts,BURNINGANGEL.COM – ★PREMIUM ACCOUNT★ [Lifetime Warranty],0 Accounts,21 Accounts
colombiaconnection,4.84 USD,VPN,EXPRESSVPN.COM - KEY - ★PREMIUM ACCOUNT★ [Lifetime Warranty],2 Keys,38 Keys
colombiaconnection,6.77 USD,Porn Accounts,JULESJORDAN.COM – ★PREMIUM ACCOUNT★ [Lifetime Warranty],0 Accounts,22 Accounts
colombiaconnection,4.75 USD,Porn Accounts,PORNPROS.COM – ★PREMIUM ACCOUNT★ [Lifetime Warranty],0 Accounts,19 Accounts
timmiroll56,500.00 USD,Hacking and Cracking,Change School grades,0 items,10000 items
colombiaconnection,4.83 USD,Porn Accounts,ALSANGELS.COM – ★PREMIUM ACCOUNT★ [Lifetime Warranty],0 Accounts,100 Accounts
timmiroll56,500.00 USD,Counterfeit,"TOP QUALITY COUNTERFEIT MONEY USD,EUROS,GBP.AUD, CAD ETC",0 bills,10000 bills
quickdeals,450.00 USD,Money,Get 150K undetectable US Counterfeit Notes,0 items,9999 items
cokepharm,2000.00 USD,Counterfeit,Buy Australian dollars for SALE,0 items,50000 items
timmiroll56,500.00 USD,Money,"TOP QUALITY COUNTERFEIT MONEY USD,EUROS,GBP.AUD, CAD ETC",0 bills,1000 bills
timmiroll56,500.00 USD,Counterfeit,"TOP QUALITY COUNTERFEIT MONEY USD,EUROS,GBP.AUD, CAD ETC",0 bills,10000 bills
quickdeals,2.00 USD,Counterfeit,"Buy Quality USD, CAD, AUD, Pounds and Euros",4 packs,1 pack
cokepharm,2000.00 USD,Counterfeit,Buy counterfeit euros notes ONLINE,0 items,50000 items
cokepharm,1500.00 USD,Counterfeit,buy TOP QUALITY undetectedable counterfeit British bills,0 items,50000 items
timmiroll56,500.00 USD,Counterfeit,"Buy Australian dollars, Authentic Counterfeit has the Best Counterfeit Banknotes for sale",0 bills,1000 bills
cokepharm,2000.00 USD,Counterfeit,buy undetectable counterfeit money for SALE Canadian dollars,0 items,30000 items
quickdeals,4000.00 USD,Counterfeit,BUY BEST QUALITY COUNTERFEIT BILLS 1M WORTH,0 packs,100 packs
timmiroll56,250.00 USD,Counterfeit,Buy Top Quality A.T.M Counterfeit Note,0 items,1000000 items
quickdeals,2500.00 USD,Counterfeit,"Get 500K Worth undetectable US,AUD,CAD,Euro & Pounds Counterfeit Notes",0 packs,10000 packs
timmiroll56,500.00 USD,IDs,Buy high quality registered driving licence.,0 ITEMS,50000 ITEMS
hugecarry,500.00 USD,Counterfeit,100% CLEAN TESTED COUNTERFEIT BILLS AVAILABLE EUR USD CAD GBP AUD,0 BILLSS,510 BILLSS
colombiaconnection,4.85 USD,Carding,Buy Bitcoins with Credit Card | Paypal | PaysafeCard | Ukash,0 Tutorials,14 Tutorials
hugecarry,1000.00 USD,Carding,LOADED PREPAID CREDID CARDS WITH HIGH BALANCE,0 CARDSS,102 CARDSS
hugecarry,600.00 USD,Carding,Gigabyte Nvidia GeForce RTX 3070,0 packs,45 packs
hugecarry,800.00 USD,Carding,GIGABYTE Radeon RX 6700 XT EAGLE 12GB GDDR6,0 packs,45 packs
timmiroll56,500.00 USD,CVV-CC and Fullz,Buy clone master cards gifts cards prepaid cards,0 items,10000 items
timmiroll56,1700.00 USD,Docs and Personal Info,Passport and other documents,0 items,10000 items
timmiroll56,300.00 USD,CVV-CC and Fullz,"GET ATM PREPAID,CLONE and DEBIT CARDS WITH PINS",0 items,300 items
hugecarry,1500.00 USD,Carding,MSI – NVIDIA Geforce RTX 3080 Ti Gaming X Trio 12GB – GDDR6X – PCI Express 4.0 – Graphic Card,0 pieces,25 pieces
timmiroll56,100.00 USD,CVV-CC and Fullz,"TOP UP CREDIT CARD,DEBIT CARD, PREPAID CARD",0 items,50000 items
Humbleking,500.00 USD,Carding,Credit card with high Balance,0 items,500 items
timmiroll56,350.00 USD,Carding,PREPAID CREDIT CARD WITH HIGH BALANCE AND A VALID PIN,0 items,10000 items
cokepharm,1000.00 USD,CVV-CC and Fullz,buy LOADED CREDIT CARD ONLINE,0 items,30000 items
timmiroll56,1200.00 USD,Docs and Personal Info,Buy High Quality Database and Nondatabase registered documents for all countries,0 items,100000 items
timmiroll56,500.00 USD,CVV-CC and Fullz,Buy clone master cards gifts cards prepaid cards,0 items,100000 items
hugecarry,1200.00 USD,Carding,Nvidia GeForce RTX 3090 24GB,0 packs,45 packs
