vendor,price,category,name
Seller: realpass,"$3,000",software/hosting,Norway Passport
Seller: DrunkDragon,$0.99,software/hosting,WWE Phishing Page
Seller: GoldApple,$4.99,software/hosting,Regions Phishing Pages + Tutorial
Seller: DangerousTomato,$2.99,software/hosting,Unlimited Google Drive Storage Method 2021
Seller: rvaska,$3.49,software/hosting,ONE CLICK MAC ADDRESS CHANGER – INSTANT DELIVERY
Seller: HarleyQuinn,$1.99,software/hosting,Ardamax Keylogger Cracked! - Secretly Spy On Pc's And View All Information While Staying Hidden!
Seller: enjoymyaccounts,$8,software/hosting,SurfShark VPN Premium Account 1 Year Subs Plus Warranty
Seller: g3cko,$2.08,software/hosting,Stay Anonymous - Hide ALL IP 2017 Portable
Seller: naturemadehippy,$3.99,software/hosting,Bitcoin Stealer + Mass Address Generator
Seller: HarleyQuinn,$4.99,software/hosting,The Complete 2022 Advanced I.D. Creator Updated 2022
Seller: HarleyQuinn,$2.99,software/hosting,BLACKNET V3 +V3.5 | ADVANCED MULTIOS BOTNET | DDOS | PASS STEALER | BTC GRABBER | + SOURCE
Seller: DrunkDragon,$0.99,software/hosting,Facebook Phishing Page
Seller: rvaska,$3.49,software/hosting,The Ultimate Crime Exploit Kit - INSTANT DELIVERY
Seller: GoldApple,$4.99,software/hosting,Bank of America phishing Pages + Tutorial
Seller: topkittzz,$11,software/hosting,Bitcoin Wallet Cracker - Get Unlimited Bitcoins
Seller: GoldApple,$4.99,software/hosting,Wachovia Phishing Pages + Tutorial
Seller: HarleyQuinn,$2.99,software/hosting,Wifi Password Auto Hack Software - With Tutorial- Works - 2022
Seller: g3cko,$2.08,software/hosting,Ultimate Hacking Toolz Collection
Seller: enjoymyaccounts,$6,software/hosting,SurfShark VPN Premium Account 6 Months Subs Plus Warranty
Seller: topkittzz,$7,software/hosting,GUIDE: creditone to bypass protection 2fa - paypal
Seller: g3cko,$10.4,software/hosting,Pack of Invisibility for Hackers
Seller: g3cko,$10.4,software/hosting,File Management Software for Hackers
Seller: topkittzz,$17,software/hosting,MULTIPOOL BITCOIN MINER
Seller: DrunkDragon,$0.99,software/hosting,RapidShare.com Phishing Page
Seller: DrunkDragon,$0.99,software/hosting,Adult Friend Finder Phishing Page
Seller: HarleyQuinn,$1.99,software/hosting,Who Is On My WiFi Ultimate - Software
Seller: Colombiaconnect,$12,software/hosting,AIRVPN.ORG - ★PREMIUM ACCOUNT★ [Lifetime Warranty]
Seller: enjoymyaccounts,$3,software/hosting,Nord VPN 6 Months Subs + Warranty
Seller: MrSoSa,$20,software/hosting,BOTNET LOGS {CHOOSE COUNTRY}
Seller: enjoymyaccounts,$4,software/hosting,SurfShark VPN Premium Account 3 Month Subs Plus Warranty
Seller: BlueTor,$8.5,software/hosting,THC-Hydra 9.3 With Tutorial # Gain Unauthorized Access to a System
Seller: topkittzz,$12,software/hosting,CUTLET MAKER#ATM MALWARE # CRACK ATMS IN AS FAST AS 60 SECONDS
Seller: topkittzz,$8,software/hosting,ULTIMATE FRAUD EXPERT OPSEC SETUP
Seller: DrunkDragon,$0.99,software/hosting,Sendspace Phishing Page
Seller: GoldApple,$4.99,software/hosting,CIBC Phishing Pages + Tutorial
Seller: Blueskies1337,$5,software/hosting,Phishing Page(s) - Facebook Messenger
Seller: Colombiaconnect,$6.17,software/hosting,IronSocket VPN (SOCKS5) ★PREMIUM ACCOUNT★ [Lifetime Account]
Seller: GoldApple,$4.99,software/hosting,Natwest Phishing Pages + Tutorial
Seller: DrunkDragon,$0.99,software/hosting,Habbo Phishing Page
Seller: heartkidnapper,$1.36,software/hosting,"Beware of Fake Android Prisma Apps Running Phishing, Malware Scam"
Seller: BlueTor,$6.5,software/hosting,MyLanViewer v5.2.7 Enterprise Portable Pre-Activated
Seller: HarleyQuinn,$1.99,software/hosting,Anonfiles file scrapper
Seller: BlueTor,$6.5,software/hosting,Eraser 6.2.0 # Remove Sensitive Data from Hard Drive
Seller: GoldApple,$4.99,software/hosting,Halifax Phishing Pages + Tutorial
Seller: HarleyQuinn,$2.99,software/hosting,New Bitcoin Stealer 5.0 - 2022 + Crypting Service -
Seller: rvaska,$3.49,software/hosting,"HACK MEGA PACK: RATS, KEYLOGGER, CRACKS AND MORE - INSTANT DELIVERY"
Seller: g3cko,$312.01,software/hosting,Bundle Hacking tools to become a Millionaire !!
Seller: HarleyQuinn,$2.99,software/hosting,VMWare Workstation Pro 15 Lifetime Licence Key
Seller: HarleyQuinn,$2.99,software/hosting,3D-Printed GUN Blueprints (LIBERATOR ®) v 1.0
Seller: HarleyQuinn,$1.99,software/hosting,BTC STEALER/CLIPPER DETECTOR [Unpatchable]
Seller: DrunkDragon,$0.99,software/hosting,E-trade Phishing Page
Seller: DangerousTomato,$2.99,software/hosting,The Cookie Stealer (Easy to use)
Seller: DrunkDragon,$0.99,software/hosting,Runescape Phishing Page
Seller: DrunkDragon,$0.99,software/hosting,IMVU Phishing Page
Seller: k1to,$119.99,software/hosting,"TOR web Hosting, .onion Domain Reg & TOR Marketplace Method by K1TO - Auto Delivery"
Seller: Kaptein,"$1,500",software/hosting,Darknet Marketplace Script
Seller: MrSoSa,$5,software/hosting,security anonimaty
Seller: drugspoint,$3.97,software/hosting,Fresh Hacked IPVANISH premium account. Warranty
Seller: DangerousTomato,$9.99,software/hosting,Easy Bitcoin Stealer Remastered (clean coded)
Seller: g3cko,$41.6,software/hosting,Software to Hack Minecraft accounts !
Seller: HarleyQuinn,$2.99,software/hosting,DIAMOND RAT - LOTS OF FEATURES - Remote Administration tool
Seller: Colombiaconnect,$11.7,software/hosting,TORGUARD.NET VPN+Proxy Bundle ★PREMIUM ACCOUNT★ [Lifetime Warranty]
Seller: HarleyQuinn,$3.99,software/hosting,"2022 DANGEROUS VIRUSES PACK (RATs , Keylogers , Stealers , DDOS ) - Instant Delivery"
Seller: Blueskies1337,$5,software/hosting,Phishing Page(s) - Facebook
Seller: HarleyQuinn,$8.99,software/hosting,X1 and X2 EMV SOFTWARE UNLIMITED +VIDEO TUTORIALS
Seller: GoldApple,$4.99,software/hosting,RBC Royal Bank Phishing Pages + Tutorial
Seller: HarleyQuinn,$0.99,software/hosting,Super Nintendo Entertainment System Loader with Complete US Romset and Front End Interface - INSTANT DELIVERY
Seller: HarleyQuinn,$2.99,software/hosting,WiFiSlax v4.1 Final WiFi Hack BootCD Super Lite Iso Size-254 - Instant Delivery
Seller: DangerousTomato,$2.49,software/hosting,Totally FREE 4G INTERNET WORKING WW
Seller: rvaska,$3.49,software/hosting,GET ACCESS TO ANY PHONE BYPASS PASSCODES HACK ICLOUD - INSTANT DELIVERY
Seller: g3cko,$41.6,software/hosting,Software to Hack Netflix accounts - free Netflix !
Seller: DangerousTomato,$2.99,software/hosting,CCTV 2021 EXPLOIT – HACK THIS SHIT [PDF + SCRIPT]
Seller: g3cko,$41.6,software/hosting,Learn everything about Proxy and become Anonymous
Seller: HarleyQuinn,$2.99,software/hosting,ANTIDETECT 7.3 + FRAUDFOX VM >> 100% SUCCESS
Seller: HarleyQuinn,$1.99,software/hosting,Adobe Photoshop CS6 Extended 13.1.2 Portable (64-bit) - Instant Delivery
Seller: HarleyQuinn,$1.99,software/hosting,Adobe Photoshop CC 6 Portable x64 Cracked - Instant Delivery
Seller: topkittzz,$14,software/hosting,WORMS / MALWARE / VIRUS MAKER
Seller: g3cko,$10.4,software/hosting,Automatic File Translation Software - no traces
Seller: DrunkDragon,$0.99,software/hosting,Gmail Phishing Page
Seller: g3cko,$2.08,software/hosting,Professional VPN - Avira Phantom VPN Pro + Crack
Seller: topkittzz,$4,software/hosting,Chaining a Socks5 With Tor TUTORIAL
Seller: HarleyQuinn,$3.99,software/hosting,2022 Ultimate Cracking Pack Version 7.0
Seller: topkittzz,$9,software/hosting,How to FUCK VIsa verification VBV checking and get
Seller: g3cko,$41.6,software/hosting,Software to Hack eShops accounts - get free items
Seller: HarleyQuinn,$2.99,software/hosting,Bitcoin Wallet Stealer / Clipboard Changer Virus +31 pages tutorial!! - Instant Delivery
Seller: Blueskies1337,$5,software/hosting,Phishing Page(s) - Instagram
Seller: BlueTor,$6.5,software/hosting,Securepoint SSL VPN Client # SSL VPN Client for Windows (OpenVPN)
Seller: BlueTor,$6.5,software/hosting,Internet Download Manager (IDM) v6.40 Portable Pre-Activated
Seller: Colombiaconnect,$7.99,software/hosting,KEEP2SHARE.CC ★PREMIUM ACCOUNT★ [Lifetime Warranty]
Seller: HarleyQuinn,$1.99,software/hosting,Erase all evidence - Super Eraser 5.0 Business - Instant Delivery
Seller: HarleyQuinn,$1.99,software/hosting,Pro Android Player on your PC - Rooted + MOD! - Instant Delivery
Seller: g3cko,$41.6,software/hosting,Software to Hack Uplay accounts - free games !
Seller: rvaska,$3.99,software/hosting,FBI HACKING AND FORENSIC TOOLKIT HACK INTO PHONES - INSTANT DELIVERY
Seller: HarleyQuinn,$2.99,software/hosting,Microsoft Windows 10 Pro (64-bit Pre-Activated) - Instant Delivery
Seller: enjoymyaccounts,$2,software/hosting,Nord VPN 1 Month Subs + Warranty
Seller: g3cko,$4.15,software/hosting,Bitcoin stealing virus 2018 - get unlimited BTC !
Seller: HarleyQuinn,$1.99,software/hosting,Antidetect 7.3 + Fraudfox VM + CCleaner Pro - Instant Delivery
Seller: GoldApple,$4.99,software/hosting,Tangerine Phishing Pages + Tutorial
Seller: k1to,$69,software/hosting,"[EXTRM OFF] TOR web Hosting, .onion Domain Reg & TOR Marketplace Method by K1TO - Auto Delivery"
Seller: GoldApple,$4.99,software/hosting,Lloyds Phishing Pages + Tutorial
Seller: enjoymyaccounts,$4,software/hosting,IPVanish Premium Account Plus Warranty
Seller: topkittzz,$8,software/hosting,ULTIMATE BOTNET GUIDE - START YOUR OWN BOTNET
Seller: HarleyQuinn,$2.99,software/hosting,MOBILedit Forensic - work like CIA
Seller: HarleyQuinn,$3.99,software/hosting,"Hack Mega Pack: Rats, Keylogger, Cracks More --instant Delivery"
Seller: g3cko,$3.99,software/hosting,Ultimate Antivirus Collection 2020 - all is here !
Seller: topkittzz,$9.86,software/hosting,Mining Botnet | Instant Delivery
Seller: DrunkDragon,$0.99,software/hosting,Friendster Phishing Page
Seller: g3cko,$20.81,software/hosting,Text Utils - hack and get any web database !
Seller: g3cko,$1.98,software/hosting,Recuva Professional - Technician cracked
Seller: rvaska,$3.49,software/hosting,★ Account Generator ★ Updated 48h - INSTANT DELIVERY
Seller: g3cko,$4.15,software/hosting,Ultimate Antivirus Collection 2018 - all is here
Seller: DrunkDragon,$0.99,software/hosting,Youtube Phishing Page
Seller: HarleyQuinn,$2.99,software/hosting,New Antidetect 7 R1 - CARDER'S PRO PACK
Seller: HarleyQuinn,$3.99,software/hosting,Bitcoin Wallet Stealer / Clipboard Changer Virus +31 pages tutorial
Seller: BlueTor,$8.5,software/hosting,Digital Invisible Ink Toolkit # Hide a message inside a 24-bit colour image
Seller: g3cko,$1.98,software/hosting,Perfect hacking tool - USB data stealer
Seller: HarleyQuinn,$6.99,software/hosting,Ransomware Pack with Source Code - Instant Delivery
Seller: HarleyQuinn,$1.99,software/hosting,Malwarebytes Premium Lifetime - Instant Delivery
Seller: BlueTor,$6.5,software/hosting,ANTIDETECT 7.3 + FRAUDFOX VM +4000Configs
Seller: g3cko,$10,software/hosting,Bundle of Proxy
Seller: DrunkDragon,$0.99,software/hosting,Godaddy Phishing Page
Seller: HarleyQuinn,$1.99,software/hosting,Perfect Keylogger 1.62 (Keylogger)
Seller: bagli,$80,software/hosting,Chaos ransomware builder v3 source code
Seller: DangerousTomato,$5.99,software/hosting,Android Mega RAT Pack
Seller: GoldApple,$4.99,software/hosting,Blockchain Phishing Pages + Tutorial
Seller: enjoymyaccounts,$5,software/hosting,IPVanish 2 Months Subscription Plus warranty
Seller: g3cko,$1.98,software/hosting,Malwarebytes Anti-Malware - protect your PC
Seller: blacknoir,$3,software/hosting,NORD VPN 1Year Subscription $3
Seller: topkittzz,$12,software/hosting,X1 EMV SOFTWARE UNLIMITED - NO LICENCE NEEDED
Seller: GoldApple,$4.99,software/hosting,Wells Fargo Phishing Pages + Tutorial
Seller: k1to,$59,software/hosting,"[50%] TOR web Hosting, .onion Domain Reg & TOR Marketplace Method by K1TO - Auto Delivery"
Seller: pansiver,$30,software/hosting,Socks 5 Proxy United States IP Port Socks5 VALID DELUXE
Seller: topkittzz,$8,software/hosting,PREDATOR / LOCK YOUR PC LIKE A PRO-HACKER
Seller: DrunkDragon,$0.99,software/hosting,Amazon Phishing Page
Seller: BlueTor,$8.5,software/hosting,HACK ANYONES MOBILE # GAIN FULL ACCESS # GOVERNMENT USES FOR INVESTIGATION
Seller: DangerousTomato,$4.99,software/hosting,Ultimate Hacker Framework v2 [Tons of Tools]
Seller: HarleyQuinn,$3.99,software/hosting,Spotify Music Premium v8.6.26.897 (Modded) apk [2022 UPDATED]
Seller: HarleyQuinn,$1.99,software/hosting,Avast Premier with licence key - stay safe !
Seller: g3cko,$2,software/hosting,Android - NORD VPN - best Android security for free !
Seller: Colombiaconnect,$6.17,software/hosting,IronSocket VPN (SOCKS5) ★PREMIUM ACCOUNT★ [Lifetime Account]
Seller: DrunkDragon,$0.99,software/hosting,Huge Crypter Pack Over 70 Different Crypters
Seller: topkittzz,$5,software/hosting,Computer CARDING Setup + RDP & SOCKS5 Provide
Seller: Blueskies1337,$5,software/hosting,Phishing Page(s) - Dropbox
Seller: HarleyQuinn,$1.99,software/hosting,VMware Workstation PRO 15.0 + Serials - INSTANT DELIVERY
Seller: HarleyQuinn,$1.99,software/hosting,SPY NOTE v5.0 - Android Remote Administration Tool - Instant Delivery
Seller: GoldApple,$4.99,software/hosting,Apple Scam Pages + Tutorial
Seller: g3cko,$10,software/hosting,Hide My Ass Pro VPN
Seller: BlueTor,$6.5,software/hosting,TreeSize Professional v8.3.0.1658 (x64) Portable Pre-Activated
Seller: DrunkDragon,$0.99,software/hosting,DeviantArt Phishing Page
Seller: GoldApple,$4.99,software/hosting,Ebay Phishing Pages + Tutorial
Seller: HarleyQuinn,$6.99,software/hosting,The Plain and Simple Bitcoin Stealer +31 Pages Tutorial!! - Instant Delivery
Seller: k1to,$59,software/hosting,"[50%] TOR web Hosting, .onion Domain Reg & TOR Marketplace Method by K1TO - Auto Delivery"
Seller: Blueskies1337,$5,software/hosting,Phishing Page(s) - CryptoCurrency
Seller: Colombiaconnect,$15,software/hosting,MULTISHARE.CZ ★PREMIUM ACCOUNT★ [Lifetime Warranty]
Seller: BlueTor,$12.5,software/hosting,CUTLET MAKER ATM MALWARE # CRACK ATMS IN AS FAST AS 60 SECONDS
Seller: GoldApple,$4.99,software/hosting,Abbey.co.uk Scam Pages + Tutorial
Seller: HarleyQuinn,$3.99,software/hosting,CRACK+GUIDE] FRAUDFOX VM | THE MOST ADVANCE ANTIDETECT TOOL
Seller: DrunkDragon,$0.99,software/hosting,Ebay Phishing Page
Seller: DrunkDragon,$0.99,software/hosting,HP Shop Phishing Page
Seller: HarleyQuinn,$1.99,software/hosting,Activate Win10 Without Any Software
Seller: g3cko,$2.08,software/hosting,Clean all traces - R-Wipe & Clean Corporate
Seller: DangerousTomato,$4.99,software/hosting,njRAT Final Edition
Seller: Blueskies1337,$5,software/hosting,Phishing Page(s) - Google
Seller: topkittzz,$8,software/hosting,RDP DEDICATED SERVER
Seller: topkittzz,$3,software/hosting,Change your MAC by one click must have for secure
Seller: DangerousTomato,$19.99,software/hosting,The Spamming Guide (Make $10k/month)
Seller: topkittzz,$5,software/hosting,Bypass Cell Phone Screen Lock Easy - 2022
Seller: Colombiaconnect,$25,software/hosting,VN5SOCKS.NET – ★PREMIUM ACCOUNTS★ [Lifetime Warranty]
Seller: topkittzz,$7,software/hosting,Advanced SystemCare Pro 15.3 2022 Lifetime Access
Seller: GoldApple,$4.99,software/hosting,Capital One Phishing Pages + Tutorial
Seller: napoleon,$40,software/hosting,PASSWORD PRO CHEAP PRİCE!
Seller: heartkidnapper,$1.36,software/hosting,♚ FACENIFF 2.4 APK FULL CRACKED PASSWORDS UNMASKED ♚
Seller: DrunkDragon,$0.99,software/hosting,FileFront Phishing Page
Seller: g3cko,$5,software/hosting,Keywords for Dorks Maker
Seller: k1to,$59,software/hosting,"[50%] TOR web Hosting, .onion Domain Reg & TOR Marketplace Method by K1TO - Auto Delivery"
Seller: BlueTor,$6.5,software/hosting,USB Raptor # Lock and unlock your computer using USB flash drives as keys
Seller: GoldApple,$4.99,software/hosting,TDBank Phishing Pages + Tutorial
Seller: g3cko,$2.08,software/hosting,Erase all evidence - Super Eraser 5.0 Business
Seller: g3cko,$41.6,software/hosting,Software to Hack Origin accounts - play free !
Seller: Colombiaconnect,$15,software/hosting,MULTISHARE.CZ ★PREMIUM ACCOUNT★ [Lifetime Warranty]
Seller: enjoymyaccounts,$5,software/hosting,Nord VPN 1 Year Subs + Warranty
Seller: HarleyQuinn,$1.99,software/hosting,Master PDF editor - cracked
Seller: Colombiaconnect,$7.98,software/hosting,PUREVPN.COM ★PREMIUM ACCOUNT★ [Lifetime]
Seller: BlueTor,$6.5,software/hosting,ANDROID VIRTUALBOX FRAUD VM # MOBILE IN YOUR VICTIMS LOCATION # VIDEO TUTORIAL
Seller: Equifax,"$4,500",software/hosting,ATM Jackpotting Malware - NCR - Android NFC Kit
Seller: g3cko,$41.6,software/hosting,Software to Hack Ebay accounts !
Seller: g3cko,$41.6,software/hosting,Software to Hack Chaturbate accounts !
Seller: BlueTor,$6.5,software/hosting,AWARD KEYLOGGER PRO 3.8 # MONITOR YOUR PC EASILY
Seller: DrunkDragon,$0.99,software/hosting,World of Warcraft Phishing Page
Seller: g3cko,$41.6,software/hosting,Software to Hack Spotify accounts - free music !
Seller: happyseller1,$136.19,software/hosting,**NEW 2021 Bitcoin Wallet Cracker**
Seller: HarleyQuinn,$2.99,software/hosting,Antidetect 8.01.36 | FINALLY CRACKED | 2022 | $3000 SOFTWARE FREE
Seller: topkittzz,$8,software/hosting,Which files were opened during your absence
Seller: g3cko,$41.6,software/hosting,SQLi Dumper - hack and get any database !
Seller: BlueTor,$5.5,software/hosting,Password Tech 3.4.2 # Professional Password Generator and Manager
Seller: topkittzz,$4,software/hosting,Virus Binders & Crypters | Make 0 Detected Virus or Malwares
Seller: k1to,$59,software/hosting,"[50%] TOR web Hosting, .onion Domain Reg & TOR Marketplace Method by K1TO - Auto Delivery"
Seller: g3cko,$4.06,software/hosting,Stay Anonymous - VPN Hotspot Shield Elite.Edition
Seller: happyseller1,$136.19,software/hosting,**NEW 2021 Bitcoin Wallet Cracker**
Seller: HarleyQuinn,$2.99,software/hosting,Identity Finder -- Best Data Stealer - Instant Delivery
Seller: DrunkDragon,$0.99,software/hosting,Skype Phishing Page
Seller: topkittzz,$9,software/hosting,JobStreet Database 16 Million Records
Seller: topkittzz,$14,software/hosting,Bypassing 2FA WITH MODLISHKA UPDATED GUIDE 2021
Seller: HarleyQuinn,$1.99,software/hosting,Fake SMS Bomber – SMS Blaster - Fake sms Sender
Seller: Colombiaconnect,$15,software/hosting,DOWNLOADER.GURU ★PREMIUM ACCOUNT★ [Lifetime Warranty]
Seller: BlueTor,$6.5,software/hosting,Hard Disk Sentinel Pro v6.01 Portable Pre-Activated
Seller: DakSowl,$24,software/hosting,RDPs Logs Available. U.S ONLY 1MONTH ACCESS
Seller: heartkidnapper,$1.36,software/hosting,Fake Google Chrome Update Leads to Android Malware Stealing Personal Data
Seller: BlueTor,$6.5,software/hosting,WARZONE RAT 1.84
Seller: Colombiaconnect,$5.15,software/hosting,DEPOSITEFILES.COM ★PREMIUM ACCOUNT★ [Lifetime Warranty]
Seller: GoldApple,$4.99,software/hosting,Barclays phishing Pages + Tutorial
Seller: enjoymyaccounts,$2,software/hosting,SurfShark VPN Premium Account 1 Month Subs Plus Warranty
Seller: HarleyQuinn,$6.99,software/hosting,VENOM SOFTWARE | v2.3 - $350 RAT - LIFETIME - hVNC
Seller: Blueskies1337,$5,software/hosting,Phishing Page(s) - Snapchat
Seller: HarleyQuinn,$2.99,software/hosting,2022 Best on Market - Easy Bitcoin Stealer + Address Generator +31 pages tutorial!! -INSTANT DELIVERY
Seller: g3cko,$10.39,software/hosting,MEGA PACK of HACKING TOOLS - big collection 2017
Seller: DangerousTomato,$3.99,software/hosting,How to steal bank logs with Zeus (Guide + Software)
Seller: g3cko,$2,software/hosting,Android VM - best tool for carding
Seller: DrunkDragon,$0.9,software/hosting,SourceForge Phishing Page
Seller: GoldApple,$4.99,software/hosting,Paypal Phishing Pages + Tutorial
Seller: DangerousTomato,$3.99,software/hosting,Mobile Reverse Engineering Course (Android)
Seller: topkittzz,$4,software/hosting,Virus Builder / Kill Switch
Seller: g3cko,$10,software/hosting,Hacking Tools 2021
Seller: HarleyQuinn,$1.99,software/hosting,Lifetime FREE VPN!! Lifetime VPN Cyberghost 7+ 6.5 CRACKED -TESTED IN 2022
Seller: HarleyQuinn,$1.99,software/hosting,Wireguard Instant VPN Server Setup tut 2022
Seller: HarleyQuinn,$1.99,software/hosting,Zcash Silent Miner - BUILDER - Instant Delivery
Seller: DrunkDragon,$0.99,software/hosting,Bugtroid Pro v5.0.1
Seller: BlueTor,$6.5,software/hosting,SPYTECH SPYAGENT STEALTH 6.2 # MONITOR ALL PC ACTIVITIES FROM LONG DISTANCE
Seller: napoleon,$4,software/hosting,Avast pro antivirus 2021
Seller: DangerousTomato,$24.99,software/hosting,Red Line Stealer (Ultimate Software)
Seller: digitalxsoap,$1,software/hosting,MEGA PACK BLINDER TOOLS25+
Seller: GoldApple,$4.99,software/hosting,Desjardins Phishing Pages + Tutorial
Seller: g3cko,$10.4,software/hosting,Automatic Video Translation Software - no traces
Seller: pansiver,$20,software/hosting,Socks5 Proxy United States IP Port Socks 5 VALID STANDARD
Seller: g3cko,$2.08,software/hosting,Bitcoin Stealer guide + software
Seller: happyseller1,$136.19,software/hosting,**NEW 2021 Bitcoin Wallet Cracker**
Seller: DangerousTomato,$29.99,software/hosting,Ransomware Money (Make $10k/month)
Seller: BlueTor,$6.5,software/hosting,ARDAMAX KEYLOGGER 5.2
Seller: k1to,$59,software/hosting,"[50%] TOR web Hosting, .onion Domain Reg & TOR Marketplace Method by K1TO - Auto Delivery"
Seller: Colombiaconnect,$2.98,software/hosting,NORDVPN.COM - ★PREMIUM ACCOUNT★ [Lifetime Warranty]
Seller: GoldApple,$4.99,software/hosting,AOL Scam Pages + Tutorial
Seller: topkittzz,$4,software/hosting,Disable Internet Connection Permanently
Seller: HarleyQuinn,$1.99,software/hosting,LIFETIME FREE IP CHANGER!!! +VIDEO TUTORIAL INCLUDED!!!
Seller: g3cko,$1.98,software/hosting,VPN software + step by step guide - stay safe !!!
Seller: DrunkDragon,$0.99,software/hosting,FreeWebs Phishing Page
Seller: rvaska,$3.99,software/hosting,★ Instagram account password hacker ★ INSTANT DELIVERY
Seller: HarleyQuinn,$1.99,software/hosting,Zip File Password Cracker
Seller: rvaska,$3.49,software/hosting,★ Bitcoin Stealer & Mass Generator ★ - INSTANT DELIVERY
Seller: HarleyQuinn,$3.99,software/hosting,Instagram Followers/likes Bot ( No Ban & No Download)
Seller: HarleyQuinn,$3.99,software/hosting,The Ultimate Blackmail Bitcoin Ransomware - Instant Delivery
Seller: k1to,$59,software/hosting,"[50%] TOR web Hosting, .onion Domain Reg & TOR Marketplace Method by K1TO - Auto Delivery"
Seller: HeisenbergEmpire,$4,software/hosting,Nord VPN Premuim Account for 2+ Years
Seller: heartkidnapper,$1.36,software/hosting,♚ Change your IP Address In few Seconds ♚
Seller: rvaska,$3.99,software/hosting,BIGGEST FRAUD PACKAGE ON THE MARKET ★ VPN - ANTIDETECT – INSTANT DELIVERY
Seller: topkittzz,$100,software/hosting,EMV X2 ARQC SOFTWARE 2021 MASTERKEY VERSION WARRANTY
Seller: Colombiaconnect,$4.98,software/hosting,EXPRESSVPN.COM - ★PREMIUM ACCOUNT★ [Lifetime Warranty]
Seller: topkittzz,$14,software/hosting,RANSOMWARE / Ransomware Builder Master / For begin
Seller: HarleyQuinn,$1.99,software/hosting,Khnoll Keylogger - Final Edition (Keylogger) - Instant Delivery
Seller: HarleyQuinn,$2.99,software/hosting,ANDROID- ExpressVPN – v10.9.0 Pemium Unlimited Trial Mod .apk
Seller: melau,$1.99,software/hosting,Antidetect 7.1 Cracked + 20 Configs
Seller: HarleyQuinn,$2.99,software/hosting,Very Strong Virus - Steal Data And Control Any PC - Instant Delivery
Seller: topkittzz,$5,software/hosting,Wiping your Laptop like CIA
Seller: g3cko,$20.81,software/hosting,Monero for free - 2018 method with support !
Seller: DangerousTomato,$2.99,software/hosting,WhatsApp Pishing (The Ultimate Software)
Seller: HarleyQuinn,$3.99,software/hosting,ANDROID – YouTube Premium Mod .apk 2022
Seller: k1to,$59,software/hosting,"[50%] TOR web Hosting, .onion Domain Reg & TOR Marketplace Method by K1TO - Auto Delivery"
Seller: Blueskies1337,$5,software/hosting,Phishing Page(s) - Instafollowers
Seller: k1to,$59,software/hosting,"[50%] TOR web Hosting, .onion Domain Reg & TOR Marketplace Method by K1TO - Auto Delivery"
Seller: HarleyQuinn,$1.99,software/hosting,22 SMS & Email Bombers - Instant Delivery
Seller: topkittzz,$5,software/hosting,VENOM SOFTWARE | v2.7 - $350 RAT
Seller: g3cko,$2,software/hosting,Android - Express VPN for free
Seller: g3cko,$1.98,software/hosting,Very strong VIRUS - steal data and control any PC
Seller: Blueskies1337,$5,software/hosting,Phishing Page(s) - CryptoCurrency
Seller: HarleyQuinn,$1.99,software/hosting,AndroRAT -Android Remote Admin Tool (RAT) - Instant Delivery
Seller: k1to,$59,software/hosting,"[50%] TOR web Hosting, .onion Domain Reg & TOR Marketplace Method by K1TO - Auto Delivery"
Seller: HarleyQuinn,$2.99,software/hosting,Dendroid Android RAT v2 (REMOTE ADMIN TOOL) 2022 - Instant Delivery
Seller: Colombiaconnect,$4.98,software/hosting,HIDEMYASS.COM – VPN – ★PREMIUM ACCOUNT★ [Lifetime Warranty]
Seller: BlueTor,$6.5,software/hosting,Ophcrack # A Windows password cracker based on rainbow tables
Seller: HarleyQuinn,$1.99,software/hosting,Change Your MAC By One Click - Must Have For Security
Seller: DangerousTomato,$4.99,software/hosting,Ultimate CyberSecurity Course (from Zero to Hero)
Seller: k1to,$59,software/hosting,"[50%] TOR web Hosting, .onion Domain Reg & TOR Marketplace Method by K1TO - Auto Delivery"
Seller: happyseller1,$136.19,software/hosting,**NEW 2021 Bitcoin Wallet Cracker**
Seller: g3cko,$10.4,software/hosting,Proton VPN Anonymously and Free without paying !
Seller: Captain8,$35,software/hosting,"Bypass any 2FA verification paypal,bank logs,google"
Seller: DangerousTomato,$2.99,software/hosting,Google EXPLOIT [Unlimited and totally Free RDP]
Seller: Colombiaconnect,$15,software/hosting,BAIXARPREMIUM.NET ★PREMIUM ACCOUNT★ [Lifetime Warranty]
Seller: HarleyQuinn,$2.99,software/hosting,Bugtroid - Android Mega Tools Pack - Instant Delivery
Seller: DangerousTomato,$2.99,software/hosting,Safety Guide for Paypal and eBay [Never Get Suspended]
Seller: BlueTor,$6.5,software/hosting,Easy Translator v18.2.3.0 Portable Pre-Activated
Seller: DangerousTomato,$4.99,software/hosting,Mobile Forensic Toolkit (Android + iOS)
Seller: BlueTor,$6.5,software/hosting,Shadowsocks 4.4.1 # A secure socks5 proxy for Windows
Seller: HarleyQuinn,$1.99,software/hosting,-- WiFi Hacker Tool (WPA/WEP) --
Seller: GoldApple,$4.99,software/hosting,BMO Phishing Pages + Tutorial
Seller: Colombiaconnect,$2.98,software/hosting,IPVANISH.COM – VPN – ★PREMIUM ACCOUNT★ [Lifetime]
Seller: GoldApple,$4.99,software/hosting,Chase Phishing Pages + Tutorial
Seller: k1to,$69,software/hosting,"[EXTRM OFF] TOR web Hosting, .onion Domain Reg & TOR Marketplace Method by K1TO - Auto Delivery"
Seller: g3cko,$3,software/hosting,AVAST 2020 - Premier & Internet security with licence keys !
Seller: rvaska,$3.99,software/hosting,FACEBOOK INSTAGRAM AMAZON PASSWORD HACKER – INSTANT DELIVERY
Seller: HarleyQuinn,$2.99,software/hosting,Wifi-Villain 2022 Hack any wifi network! Comes with video tutorial!
Seller: DrunkDragon,$0.99,software/hosting,Droid Jack v4.4
Seller: happyseller1,$136.19,software/hosting,**NEW 2021 Bitcoin Wallet Cracker**
Seller: k1to,$69,software/hosting,"[EXTRM OFF] TOR web Hosting, .onion Domain Reg & TOR Marketplace Method by K1TO - Auto Delivery"
Seller: topkittzz,$7,software/hosting,MONITOR YOUR PC EASILY USING AWARD KEYLOGGER PRO 3.8
Seller: HarleyQuinn,$3.99,software/hosting,2022 Best on World - Easy Bitcoin Stealer + Address Generator +31 pages tutorial!!
Seller: k1to,$69,software/hosting,"[EXTRM OFF] TOR web Hosting, .onion Domain Reg & TOR Marketplace Method by K1TO - Auto Delivery"
Seller: k1to,$69,software/hosting,"[EXTRM OFF] TOR web Hosting, .onion Domain Reg & TOR Marketplace Method by K1TO - Auto Delivery"
