vendor,category,name,price,rating
rvaska,software & hosting,★ Instagram account password hacker ★ INSTANT DELIVERY,$3.99,(1 review)
rvaska,software & hosting,★ Account Generator ★ Updated 48h - INSTANT DELIVERY,$3.49,(0 reviews)
rvaska,software & hosting,The Ultimate Crime Exploit Kit - INSTANT DELIVERY,$3.49,(0 reviews)
rvaska,software & hosting,"HACK MEGA PACK: RATS, KEYLOGGER, CRACKS AND MORE - INSTANT DELIVERY",$3.49,(0 reviews)
rvaska,software & hosting,★ Bitcoin Stealer & Mass Generator ★ - INSTANT DELIVERY,$3.49,(0 reviews)
rvaska,software & hosting,BIGGEST FRAUD PACKAGE ON THE MARKET ★ VPN - ANTIDETECT – INSTANT DELIVERY,$3.99,(0 reviews)
rvaska,software & hosting,FBI HACKING AND FORENSIC TOOLKIT HACK INTO PHONES - INSTANT DELIVERY,$3.99,(1 review)
rvaska,software & hosting,GET ACCESS TO ANY PHONE BYPASS PASSCODES HACK ICLOUD - INSTANT DELIVERY,$3.49,(0 reviews)
rvaska,software & hosting,FACEBOOK INSTAGRAM AMAZON PASSWORD HACKER – INSTANT DELIVERY,$3.99,(0 reviews)
Emperorman,software & hosting,NordVPN Premium ACC (3 to 5 Years Subscription),$8.00,(0 reviews)
Emperorman,software & hosting,NordVPN Premium ACC (2 Year Subscription) AUTO Delivery,$6.00,(0 reviews)
HeisenbergEmpire,software & hosting,Nord VPN Premuim Account for 2+ Years,$4.00,(0 reviews)
DrunkDragon,software & hosting,Bugtroid Pro v5.0.1,$0.99,(0 reviews)
DrunkDragon,software & hosting,Huge Crypter Pack Over 70 Different Crypters,$0.99,(0 reviews)
DrunkDragon,software & hosting,Droid Jack v4.4,$0.99,(0 reviews)
DrunkDragon,software & hosting,IMVU Phishing Page,$0.99,(0 reviews)
DrunkDragon,software & hosting,HP Shop Phishing Page,$0.99,(0 reviews)
DrunkDragon,software & hosting,Habbo Phishing Page,$0.99,(0 reviews)
DrunkDragon,software & hosting,Godaddy Phishing Page,$0.99,(0 reviews)
DrunkDragon,software & hosting,Gmail Phishing Page,$0.99,(0 reviews)
DrunkDragon,software & hosting,Friendster Phishing Page,$0.99,(0 reviews)
DrunkDragon,software & hosting,FreeWebs Phishing Page,$0.99,(0 reviews)
DrunkDragon,software & hosting,FileFront Phishing Page,$0.99,(0 reviews)
DrunkDragon,software & hosting,Facebook Phishing Page,$0.99,(0 reviews)
DrunkDragon,software & hosting,Ebay Phishing Page,$0.99,(0 reviews)
DrunkDragon,software & hosting,E-trade Phishing Page,$0.99,(0 reviews)
DrunkDragon,software & hosting,DeviantArt Phishing Page,$0.99,(0 reviews)
DrunkDragon,software & hosting,Adult Friend Finder Phishing Page,$0.99,(0 reviews)
DrunkDragon,software & hosting,WWE Phishing Page,$0.99,(0 reviews)
DrunkDragon,software & hosting,World of Warcraft Phishing Page,$0.99,(0 reviews)
DrunkDragon,software & hosting,SourceForge Phishing Page,$0.90,(0 reviews)
DrunkDragon,software & hosting,Skype Phishing Page,$0.99,(0 reviews)
DrunkDragon,software & hosting,Runescape Phishing Page,$0.99,(0 reviews)
DrunkDragon,software & hosting,Amazon Phishing Page,$0.99,(0 reviews)
DrunkDragon,software & hosting,Youtube Phishing Page,$0.99,(0 reviews)
DrunkDragon,software & hosting,Sendspace Phishing Page,$0.99,(0 reviews)
DrunkDragon,software & hosting,RapidShare.com Phishing Page,$0.99,(0 reviews)
GoldApple,software & hosting,Wells Fargo Phishing Pages + Tutorial,$4.99,(0 reviews)
GoldApple,software & hosting,Wachovia Phishing Pages + Tutorial,$4.99,(0 reviews)
GoldApple,software & hosting,TDBank Phishing Pages + Tutorial,$4.99,(0 reviews)
GoldApple,software & hosting,Tangerine Phishing Pages + Tutorial,$4.99,(0 reviews)
GoldApple,software & hosting,Regions Phishing Pages + Tutorial,$4.99,(0 reviews)
GoldApple,software & hosting,RBC Royal Bank Phishing Pages + Tutorial,$4.99,(0 reviews)
GoldApple,software & hosting,Paypal Phishing Pages + Tutorial,$4.99,(0 reviews)
GoldApple,software & hosting,Natwest Phishing Pages + Tutorial,$4.99,(0 reviews)
GoldApple,software & hosting,Lloyds Phishing Pages + Tutorial,$4.99,(0 reviews)
GoldApple,software & hosting,Halifax Phishing Pages + Tutorial,$4.99,(0 reviews)
GoldApple,software & hosting,Ebay Phishing Pages + Tutorial,$4.99,(0 reviews)
GoldApple,software & hosting,Desjardins Phishing Pages + Tutorial,$4.99,(0 reviews)
GoldApple,software & hosting,CIBC Phishing Pages + Tutorial,$4.99,(0 reviews)
GoldApple,software & hosting,Chase Phishing Pages + Tutorial,$4.99,(0 reviews)
GoldApple,software & hosting,Capital One Phishing Pages + Tutorial,$4.99,(0 reviews)
GoldApple,software & hosting,BMO Phishing Pages + Tutorial,$4.99,(0 reviews)
GoldApple,software & hosting,Blockchain Phishing Pages + Tutorial,$4.99,(0 reviews)
GoldApple,software & hosting,Barclays phishing Pages + Tutorial,$4.99,(0 reviews)
GoldApple,software & hosting,Bank of America phishing Pages + Tutorial,$4.99,(0 reviews)
GoldApple,software & hosting,Apple Scam Pages + Tutorial,$4.99,(0 reviews)
GoldApple,software & hosting,AOL Scam Pages + Tutorial,$4.99,(0 reviews)
GoldApple,software & hosting,Abbey.co.uk Scam Pages + Tutorial,$4.99,(0 reviews)
Blueskies1337,software & hosting,Phishing Page(s) - CryptoCurrency,$5.00,(0 reviews)
Blueskies1337,software & hosting,Phishing Page(s) - CryptoCurrency,$5.00,(0 reviews)
Blueskies1337,software & hosting,Phishing Page(s) - Instafollowers,$5.00,(0 reviews)
Blueskies1337,software & hosting,Phishing Page(s) - Instagram,$5.00,(0 reviews)
Blueskies1337,software & hosting,Phishing Page(s) - Google,$5.00,(0 reviews)
Blueskies1337,software & hosting,Phishing Page(s) - Facebook Messenger,$5.00,(0 reviews)
Blueskies1337,software & hosting,Phishing Page(s) - Snapchat,$5.00,(0 reviews)
Blueskies1337,software & hosting,Phishing Page(s) - Dropbox,$5.00,(0 reviews)
Blueskies1337,software & hosting,Phishing Page(s) - Facebook,$5.00,(0 reviews)
