eucarder,Botnets and Malware,12 Keyloggers - Perfect For Spying,USD 12
topvendor,Botnets and Malware,AhMyth Android RAT - Remote Access Trojan + Great Video of Whatsap repackaging Attack - bind whatsap with RAT Tutorial.,USD 120
eucarder,Botnets and Malware,Blackmail Bitcoin Ransomware (With Sourcecode),USD 16
bigone1,Botnets and Malware,"Hacker Biggest package (RATs, KeyLoggers ETC)",USD 7
rvaska,Botnets and Malware,The Ultimate Crime Exploit Kit,USD 4
bigone1,Botnets and Malware,Bitcoin Stealer + Address Generator (Very Easy Setup 2020),USD 1
g3cko,Botnets and Malware,Software to Hack Netflix accounts - free Netflix !,USD 42
bigone1,Botnets and Malware,RAT4A v.1.0(Spy On Cam,USD 1
g3cko,Botnets and Malware,Hack any password - Passware Kit Forensic,USD 3
wfowfo,Botnets and Malware,DroidJack - Android Remote Administration Tool,EUR 25
g3cko,Botnets and Malware,Password Recovery Shield Premium - hack passwords,USD 2
wfowfo,Botnets and Malware,BITCOIN STEALER WITH SOURCE CODE + COMPLETE GUIDE,EUR 25
g0ldenboy,Botnets and Malware,-== E-Mail Bombing Service ==-,USD 10
g3cko,Botnets and Malware,Software to Hack Spotify accounts - free music !,USD 42
topvendor,Botnets and Malware,Sseur Keyloger,GBP 9
bigone1,Botnets and Malware,DarkComet RAT,USD 1
bigone1,Botnets and Malware,Dendroid Android RAT (REMOTE ADMIN TOOL),USD 1
drhack3r,Botnets and Malware,WARZONE C++ RAT 2.70 Best 2021 rat Trojan,EUR 105
bigone1,Botnets and Malware,Android Mega Tools Pack (Bugtroid),USD 3
bigone1,Botnets and Malware,Botnet Pack + Guide,USD 1
bluemarket,Botnets and Malware,"20 BOTNET SOURCES, FEATURING GALAXY V7, OREO QBOT, EXECUTION 6.1+",USD 5
topvendor,Botnets and Malware,Top Botnet List - Get your own botnet Today - Support Included.,EUR 189
g3cko,Botnets and Malware,Software to Hack Origin accounts - play free !,USD 42
bigone1,Botnets and Malware,Lizard Stresser DB,USD 1
g3cko,Botnets and Malware,Software to Hack Ebay accounts !,USD 42
topvendor,Botnets and Malware,Android RAT / Windows RAT / Linux RAT / MAC RAT - All In One tool,GBP 100
topvendor,Botnets and Malware,Multi OS Rat android Linux Mac and Windows - All In One Very clean,EUR 120
g3cko,Botnets and Malware,Ardamax Keylogger - hidden spying in PC,USD 2
bluemarket,Botnets and Malware,Set up Remote Administration Tool Zeus BotNet (RAT),USD 5
g3cko,Botnets and Malware,Link Searcher - hack and get any database !,USD 42
topvendor,Botnets and Malware,Top List of advanced Keyloggers - Clean,USD 129
bigone1,Botnets and Malware,"Best Hacking Mega Pack (Rats, Keylogger, Cracks And Many More)",USD 6
bigone1,Botnets and Malware,Antidetect 7.3 + Fraudfox VM + Ccleaner Pro (2020),USD 7
bigone1,Botnets and Malware,Best Bitcoin Stealer Address Generator (2020),USD 3
g3cko,Botnets and Malware,Text Utils - hack and get any web database !,USD 21
thewizard,Botnets and Malware,The Complete and Utter Dangerous Viruses Pack,USD 10
g3cko,Botnets and Malware,Perfect hacking tool - USB data stealer,USD 2
rvaska,Botnets and Malware,"HACK MEGA PACK: RATS, KEYLOGGER, CRACKS AND MORE",USD 4
wfowfo,Botnets and Malware,HACK PACK - GET FREE ACCOUNTS,EUR 25
bigone1,Botnets and Malware,DROID JACK Andriod RAT,USD 1
bluemarket,Botnets and Malware,Pony 2.2 HTTP Botnet + Tutorial,USD 4
bigone1,Botnets and Malware,BlackShades RAT 5.5.1 + User Guide,USD 1
topvendor,Botnets and Malware,Top List of advanced Keyloggers - Clean,USD 129
topvendor,Botnets and Malware,C# ORCUS-1.9.1 RAT FULL SOURCE CODE,EUR 250
bigone1,Botnets and Malware,Android Mega Tools Pack (Bugtroid),USD 3
xiaobaobei26,Botnets and Malware,Powerful Botnet Up to 1 Tbps (1WEEK RENTAL) *HQ*,EUR 2000
topvendor,Botnets and Malware,Top Botnet List - Get your own botnet Today - Support Included.,EUR 189
topvendor,Botnets and Malware,Private Malware-Dropper - Full Source Code,GBP 49
g0ldenboy,Botnets and Malware,-== MASS SMS SPAMMING SERVICE ==-,USD 20
topvendor,Botnets and Malware,Banking Bot Stealer - Cerberus v2 Andriod Banking Trojan Bot - Be self dependent,GBP 300
topvendor,Botnets and Malware,Silent XMR Miner,EUR 100
topvendor,Botnets and Malware,AhMyth Android RAT - Remote Access Trojan + Great Video of Whatsap repackaging Attack - bind whatsap with RAT Tutorial.,USD 120
youngmoney,Botnets and Malware,BLACKNET V3+ V3.5 (ADVANCED BOTNET),USD 9
g3cko,Botnets and Malware,MEGA PACK of HACKING TOOLS - big collection 2017,USD 11
drhack3r,Botnets and Malware,WARZONE C++ RAT 2.70 Best 2021 rat Trojan,EUR 105
topvendor,Botnets and Malware,HiveRat - Remote Access Trojan Tool - Lifetime Instead of Subscriptions,USD 150
g3cko,Botnets and Malware,Password Finder + Crack ! Latest - hack password,USD 2
bluemarket,Botnets and Malware,Botnet BlackNET - v3.7.0 Stable,USD 14
g3cko,Botnets and Malware,New Antidetect 7 R1 2017 CARDER PRO PACK,USD 6
eucarder,Botnets and Malware,ARES RAT v1.2.1 (Bitcoin BTC Stealer Plugin Included),USD 15
rvaska,Botnets and Malware,FBI HACKING AND FORENSIC TOOLKIT HACK INTO PHONES,USD 4
topvendor,Botnets and Malware,List Of the Most popular Remote Access Trojan Clean,GBP 100
g0ldenboy,Botnets and Malware,-== Bitcoin Stealer Mass address Generator + setup guide ==-,USD 3
g3cko,Botnets and Malware,Hack any password - Passware Kit Forensic,USD 3
thewizard,Botnets and Malware,Ardamax Keylogger for Hidden Spying for PC,USD 10
topvendor,Botnets and Malware,Private and FUD Clipper Stealer - BTC - Compiled and Full Source code,USD 99
wfowfo,Botnets and Malware,Ransomware Pack With Source Code,EUR 25
wfowfo,Botnets and Malware,Ransomware Pack With Source Code,EUR 25
topvendor,Botnets and Malware,DiamondFox Modular Loader Stealer Crypto Hijacker Ransomware RAM Scraper Keylogger,USD 1000
bigone1,Botnets and Malware,Antidetect 7.3 + Fraudfox VM + 4000 Configs (2020),USD 5
thewizard,Botnets and Malware,Spy Note 5.0 Android Remote Administration Tool,USD 10
topvendor,Botnets and Malware,DEFENSOR ID a stealthy Android banking Trojan- Source Code,USD 100
wfowfo,Botnets and Malware,Spy MAX v1.0 - Android RAT - Hack Android Phones,EUR 10
topvendor,Botnets and Malware,BLACKNET ADVANCED MULTI-OS BOTNET DDOS PASS STEALER BTC GRABBER + SOURCE + Setting up Support,USD 120
bigone1,Botnets and Malware,Android Remote Administration Tool (5.0),USD 1
topvendor,Botnets and Malware,Android Tester V6.4.6 (RAT) and Source Code,GBP 99
rvaska,Botnets and Malware,BIGGEST FRAUD PACKAGE ON THE MARKET VPN - ANTIDETECT,USD 4
topvendor,Botnets and Malware,Android RAT / Windows RAT / Linux RAT / MAC RAT - All In One tool,GBP 100
bigone1,Botnets and Malware,Best Mobile Hacking Software,USD 4
g3cko,Botnets and Malware,CIA forensics expert tool - Magnet IEF,USD 5
bigone1,Botnets and Malware,"Best Hacking Mega Pack (Rats, Keylogger, Cracks And Many More)",USD 6
topvendor,Botnets and Malware,Cracked Phoenix Keylogger more than 45Features Password Recovery Stealth Persistence,GBP 49
topvendor,Botnets and Malware,Top Botnet List - Get your own botnet Today - Support Included.,EUR 189
wfowfo,Botnets and Malware,DroidJack - Android Remote Administration Tool,EUR 25
topvendor,Botnets and Malware,Top used Andriod Trojan - Spy on Andriod users- Support Included,USD 129
bluemarket,Botnets and Malware,Warbot Cracked,USD 6
g3cko,Botnets and Malware,Link Searcher - hack and get any database !,USD 42
equifax,Botnets and Malware,ATM Jackpotting Malware - Wincor NFC - NO USB ACCESS REQUIRED,USD 5000
eucarder,Botnets and Malware,BTC Bitcoin Stealer Source Code and Mass Generator,USD 15
topvendor,Botnets and Malware,Silent XMR Miner,EUR 100
bigone1,Botnets and Malware,Botnet Pack + Guide,USD 1
g3cko,Botnets and Malware,MEGA PACK of HACKING TOOLS - big collection 2017,USD 11
bluemarket,Botnets and Malware,DiamondFox Botnet,USD 10
topvendor,Botnets and Malware,RATs Pack - CLEAN REMOTE ACCESS TROJANS,USD 150
g3cko,Botnets and Malware,Very strong VIRUS - steal data and control any PC,USD 2
equifax,Botnets and Malware,ATM Jackpotting Malware - NCR - NO USB ACCESS REQUIRED,USD 6000
topvendor,Botnets and Malware,"Remcos RAT 189,00 EURO for 100$",USD 100
bigone1,Botnets and Malware,"Hacker Biggest package (RATs, KeyLoggers ETC)",USD 7
topvendor,Botnets and Malware,List Of the Most popular Remote Access Trojan Clean,GBP 100
g3cko,Botnets and Malware,Software to Hack Uplay accounts - free games !,USD 42
topvendor,Botnets and Malware,SpyBox RAT - Amazing Remote Access Trojan - Steal Your Victims remotely,USD 60
g0ldenboy,Botnets and Malware,-== MASS SMS SPAMMING SERVICE ==-,USD 20
equifax,Botnets and Malware,BTC ATM Malware - v2 Recoded,USD 7200
topvendor,Botnets and Malware,HiveRat - Remote Access Trojan Tool - Lifetime Instead of Subscriptions,USD 150
bigone1,Botnets and Malware,RAT4A v.1.0(Spy On Cam,USD 1
bigone1,Botnets and Malware,SmsBot Android Botnet,USD 1
g3cko,Botnets and Malware,Hack any password - Passware Kit Forensic,USD 3
g3cko,Botnets and Malware,Text Utils - hack and get any web database !,USD 21
g0ldenboy,Botnets and Malware,-== E-Mail Bombing Service ==-,USD 10
breadsdrugged,Botnets and Malware,2021 10xMonero Silent Miner ! MINE XMR (STEALTH) USING INFECTED COMPUTERS + ANDROID MINER,USD 190
g3cko,Botnets and Malware,SQLi Dumper - hack and get any database !,USD 42
topvendor,Botnets and Malware,DEFENSOR ID a stealthy Android banking Trojan- Source Code,USD 100
drhack3r,Botnets and Malware,WARZONE C++ RAT 2.70 Best 2021 rat Trojan,EUR 105
thewizard,Botnets and Malware,A Facebook Account Brute Checker,USD 7
topvendor,Botnets and Malware,Top List of advanced Keyloggers - Clean,USD 129
thewizard,Botnets and Malware,Spy Note 5.0 Android Remote Administration Tool,USD 10
topvendor,Botnets and Malware,Sseur Keyloger,GBP 9
topvendor,Botnets and Malware,MuRra1N RAT 2.0 - Remote Access Trojan - Hack People,EUR 130
g0ldenboy,Botnets and Malware,-== Bitcoin Stealer Mass address Generator + setup guide ==-,USD 3
bigone1,Botnets and Malware,Best Bitcoin Stealer Address Generator (2020),USD 3
eucarder,Botnets and Malware,BTC Bitcoin Stealer Source Code and Mass Generator,USD 15
bluemarket,Botnets and Malware,Advance Phishing Tool 2.1,USD 4
wfowfo,Botnets and Malware,ACCOUNT HACKING PACK - 600+ Hacking Tools - Easy to use,EUR 25
topvendor,Botnets and Malware,Android Huracan BOT and 400+ injections for hurakan - 2021,EUR 550
topvendor,Botnets and Malware,Private Changer-MultiClipper Full source code,USD 119
topvendor,Botnets and Malware,TROJAN + BITCOIN CLIPPER + CRYPT . Tutoring hacks. Full Hacking Course,EUR 400
bigone1,Botnets and Malware,Ultimate Hacking Package,USD 4
topvendor,Botnets and Malware,Sseur Keyloger,GBP 9
topvendor,Botnets and Malware,Cracked Phoenix Keylogger more than 45Features Password Recovery Stealth Persistence,GBP 49
eucarder,Botnets and Malware,The Ultimate Blackmail Bitcoin Ransomwares ...Source Codes...,USD 18
bluemarket,Botnets and Malware,BLACKNET V3 +V3.5 ADVANCED MULTIOS BOTNET DDOS PASS STEALER BTC GRABBER + SOURCE,USD 9
eucarder,Botnets and Malware,ARES RAT v1.2.1 (Bitcoin BTC Stealer Plugin Included),USD 15
bluemarket,Botnets and Malware,"20 BOTNET SOURCES, FEATURING GALAXY V7, OREO QBOT, EXECUTION 6.1+",USD 5
thewizard,Botnets and Malware,The Complete Trojan Remover Final Cracked Version SND,USD 7
equifax,Botnets and Malware,BTC ATM Malware - v2 Recoded,USD 7200
wfowfo,Botnets and Malware,Ransomware Pack With Source Code,EUR 25
thewizard,Botnets and Malware,Ardamax Keylogger for Hidden Spying for PC,USD 10
eucarder,Botnets and Malware,Loki 2.0 Botnet,USD 14
