bluemarket,Botnets and Malware,WARBOT CRACKED,USD 6
topvendor,Botnets and Malware,Sseur Keyloger,GBP 9
g3cko,Botnets and Malware,Hash Finder - crack and get any database !,USD 42
wfowfo,Botnets and Malware,HACK PACK - GET FREE ACCOUNTS,EUR 25
wfowfo,Botnets and Malware,BITCOIN STEALER WITH SOURCE CODE + COMPLETE GUIDE,EUR 25
topvendor,Botnets and Malware,Top used Andriod Trojan - Spy on Andriod users- Support Included,USD 129
g3cko,Botnets and Malware,Wifi password auto hack soft with tutorial- works!,USD 2
topvendor,Botnets and Malware,SpyNote RAT - Spy On Victims so easily and steal their info - Lifetime,USD 100
g3cko,Botnets and Malware,Text Utils - hack and get any web database !,USD 21
wick7,Botnets and Malware,Customized Bitcoin Stealer + Customized Ethereum Stealer,USD 10
topvendor,Botnets and Malware,List Of the Most popular Remote Access Trojan Clean,GBP 100
wfowfo,Botnets and Malware,DroidJack - Android Remote Administration Tool,EUR 25
thewizard,Botnets and Malware,Ardamax Keylogger for Hidden Spying for PC,USD 10
bluemarket,Botnets and Malware,Advance Phishing Tool 2.1,USD 4
g3cko,Botnets and Malware,MEGA PACK of HACKING TOOLS - big collection 2017,USD 11
g3cko,Botnets and Malware,Ultimate Hacking Toolz Collection,USD 2
bluemarket,Botnets and Malware,BLACKNET V3 +V3.5 ADVANCED MULTIOS BOTNET DDOS PASS STEALER BTC GRABBER + SOURCE,USD 9
topvendor,Botnets and Malware,Private Changer-MultiClipper Full source code,USD 119
g3cko,Botnets and Malware,Password Recovery Shield Premium - hack passwords,USD 2
g3cko,Botnets and Malware,Software to Hack eShops accounts - get free items,USD 42
drhack3r,Botnets and Malware,WARZONE C++ RAT 2.70 Best 2021 rat Trojan,EUR 105
rvaska,Botnets and Malware,FACEBOOK INSTAGRAM AMAZON PASSWORD HACKER,USD 4
topvendor,Botnets and Malware,DiamondFox Modular Loader Stealer Crypto Hijacker Ransomware RAM Scraper Keylogger,USD 1000
g3cko,Botnets and Malware,Tenorshare Whatsapp Recovery - hack whatsapp app,USD 2
breadsdrugged,Botnets and Malware,2021 10xMonero Silent Miner ! MINE XMR (STEALTH) USING INFECTED COMPUTERS + ANDROID MINER,USD 190
thewizard,Botnets and Malware,The Complete and Utter Dangerous Viruses Pack,USD 10
bigone1,Botnets and Malware,DarkComet RAT,USD 1
bigone1,Botnets and Malware,SmsBot Android Botnet,USD 1
g3cko,Botnets and Malware,Password Finder + Crack ! Latest - hack password,USD 2
thewizard,Botnets and Malware,A Facebook Account Brute Checker,USD 7
wfowfo,Botnets and Malware,Ransomware Pack With Source Code,EUR 25
g3cko,Botnets and Malware,New Antidetect 7 R1 2017 CARDER PRO PACK,USD 6
topvendor,Botnets and Malware,Multi OS Rat android Linux Mac and Windows - All In One Very clean,EUR 120
bigone1,Botnets and Malware,Lizard Stresser DB,USD 1
topvendor,Botnets and Malware,Banking Bot Stealer - Cerberus v2 Andriod Banking Trojan Bot - Be self dependent,GBP 300
g3cko,Botnets and Malware,Bitcoin stealing virus 2018 - get unlimited BTC !,USD 5
breadsdrugged,Botnets and Malware,The Most Powerful RAT 2021 Venom (550$) + Crypter + binder 100% undetectable + XMR silent miner,USD 190
wfowfo,Botnets and Malware,Ransomware Pack With Source Code,EUR 25
topvendor,Botnets and Malware,SpyNote V6.4 ( source code ) Android Remote Access Trojan,USD 150
bigone1,Botnets and Malware,Best Bitcoin Stealer Address Generator (2020),USD 3
topvendor,Botnets and Malware,List Of the Most popular Remote Access Trojan Clean,GBP 100
topvendor,Botnets and Malware,SpyBox RAT - Amazing Remote Access Trojan - Steal Your Victims remotely,USD 60
topvendor,Botnets and Malware,SpyNote V6.4 ( source code ) Android Remote Access Trojan,USD 150
breadsdrugged,Botnets and Malware,The Most Powerful RAT 2021 Venom (550$) + Crypter + binder 100% undetectable + XMR silent miner,USD 190
topvendor,Botnets and Malware,SpyNote RAT - Spy On Victims so easily and steal their info - Lifetime,USD 100
topvendor,Botnets and Malware,Top Botnet List - Get your own botnet Today - Support Included.,EUR 189
topvendor,Botnets and Malware,BLACKNET ADVANCED MULTI-OS BOTNET DDOS PASS STEALER BTC GRABBER + SOURCE + Setting up Support,USD 120
bigone1,Botnets and Malware,Android Mega Tools Pack (Bugtroid),USD 3
topvendor,Botnets and Malware,RATs Pack - CLEAN REMOTE ACCESS TROJANS,USD 150
topvendor,Botnets and Malware,AhMyth Android RAT - Remote Access Trojan + Great Video of Whatsap repackaging Attack - bind whatsap with RAT Tutorial.,USD 120
thewizard,Botnets and Malware,The Complete Trojan Remover Final Cracked Version SND,USD 7
rvaska,Botnets and Malware,GET ACCESS TO ANY PHONE BYPASS PASSCODES HACK ICLOUD,USD 3
eucarder,Botnets and Malware,Blackmail Bitcoin Ransomware (With Sourcecode),USD 16
topvendor,Botnets and Malware,Paradise Ransomware source code,EUR 500
topvendor,Botnets and Malware,HiveRat - Remote Access Trojan Tool - Lifetime Instead of Subscriptions,USD 150
eucarder,Botnets and Malware,Loki 2.0 Botnet,USD 14
eucarder,Botnets and Malware,12 Keyloggers - Perfect For Spying,USD 12
g3cko,Botnets and Malware,Wifi password auto hack soft with tutorial- works!,USD 2
equifax,Botnets and Malware,BTC ATM Malware - v2 Recoded,USD 8000
drhack3r,Botnets and Malware,WARZONE C++ RAT 2.70 Best 2021 rat Trojan,EUR 105
topvendor,Botnets and Malware,WARZONE C++ RAT 2.70 - HRDP - hVNC - REVERSE PROXY - PASSWORD RECOVERY - + WAREZONE CRYPTER - 2021 HOT ON WHM,EUR 100
g0ldenboy,Botnets and Malware,-== MASS SMS SPAMMING SERVICE ==-,USD 20
g3cko,Botnets and Malware,Software to Hack Chaturbate accounts !,USD 42
bluemarket,Botnets and Malware,WARBOT CRACKED,USD 6
wfowfo,Botnets and Malware,DroidJack - Android Remote Administration Tool,EUR 25
g3cko,Botnets and Malware,Software to Hack Uplay accounts - free games !,USD 42
wfowfo,Botnets and Malware,HACK PACK - GET FREE ACCOUNTS,EUR 25
bigone1,Botnets and Malware,"Hacker Biggest package (RATs, KeyLoggers ETC)",USD 7
g3cko,Botnets and Malware,Software to Hack Ebay accounts !,USD 42
topvendor,Botnets and Malware,Private USB-Spreader - And Full Source Code,USD 59
xiaobaobei26,Botnets and Malware,Powerful Botnet Up to 1 Tbps (1WEEK RENTAL) *HQ*,EUR 2000
topvendor,Botnets and Malware,C# ORCUS-1.9.1 RAT FULL SOURCE CODE,EUR 250
topvendor,Botnets and Malware,Cracked Phoenix Keylogger more than 45Features Password Recovery Stealth Persistence,GBP 49
bigone1,Botnets and Malware,Android Remote Administration Tool (5.0),USD 1
bigone1,Botnets and Malware,SmsBot Android Botnet,USD 1
bigone1,Botnets and Malware,Lizard Stresser DB,USD 1
equifax,Botnets and Malware,ATM Jackpotting Malware - NCR - NO USB ACCESS REQUIRED,USD 6000
g3cko,Botnets and Malware,Dorks Maker - crack and get any database !,USD 42
topvendor,Botnets and Malware,Banking Bot Stealer - Cerberus v2 Andriod Banking Trojan Bot - Be self dependent,GBP 300
bigone1,Botnets and Malware,Antidetect 7.3 + Fraudfox VM + 4000 Configs (2020),USD 5
bigone1,Botnets and Malware,Botnet Pack + Guide,USD 1
thewizard,Botnets and Malware,The Complete and Utter iPhone Android Hacking Software,USD 10
youngmoney,Botnets and Malware,BLACKNET V3+ V3.5 (ADVANCED BOTNET),USD 9
rvaska,Botnets and Malware,GET ACCESS TO ANY PHONE BYPASS PASSCODES HACK ICLOUD,USD 3
topvendor,Botnets and Malware,HiveRat - Remote Access Trojan Tool - Lifetime Instead of Subscriptions,USD 150
bigone1,Botnets and Malware,"Best Hacking Mega Pack (Rats, Keylogger, Cracks And Many More)",USD 6
bigone1,Botnets and Malware,Droid Jack 4.4 (Android RAT),USD 1
g3cko,Botnets and Malware,Software to Hack Chaturbate accounts !,USD 42
topvendor,Botnets and Malware,WARZONE C++ RAT 2.70 - HRDP - hVNC - REVERSE PROXY - PASSWORD RECOVERY - + WAREZONE CRYPTER - 2021 HOT ON WHM,EUR 100
bluemarket,Botnets and Malware,Advance Phishing Tool 2.1,USD 4
bluemarket,Botnets and Malware,Warbot Cracked,USD 6
g3cko,Botnets and Malware,Link Searcher - hack and get any database !,USD 42
rvaska,Botnets and Malware,FBI HACKING AND FORENSIC TOOLKIT HACK INTO PHONES,USD 4
g3cko,Botnets and Malware,Very strong VIRUS - steal data and control any PC,USD 2
equifax,Botnets and Malware,ATM Jackpotting Malware - Wincor NFC - NO USB ACCESS REQUIRED,USD 5000
thewizard,Botnets and Malware,The Complete and Utter 70 Crypter Pack,USD 7
topvendor,Botnets and Malware,SpyBox RAT - Amazing Remote Access Trojan - Steal Your Victims remotely,USD 60
topvendor,Botnets and Malware,Multi OS Rat android Linux Mac and Windows - All In One Very clean,EUR 120
topvendor,Botnets and Malware,Silent XMR Miner,EUR 100
g3cko,Botnets and Malware,CIA forensics expert tool - Magnet IEF,USD 5
bluemarket,Botnets and Malware,"20 BOTNET SOURCES, FEATURING GALAXY V7, OREO QBOT, EXECUTION 6.1+",USD 5
drhack3r,Botnets and Malware,WARZONE C++ RAT 2.70 Best 2021 rat Trojan,EUR 105
topvendor,Botnets and Malware,Android Tester V6.4.6 (RAT) and Source Code,GBP 99
wfowfo,Botnets and Malware,Ransomware Pack With Source Code,EUR 25
thewizard,Botnets and Malware,The Complete and Utter Dangerous Viruses Pack,USD 10
g3cko,Botnets and Malware,Software to Hack Spotify accounts - free music !,USD 42
bigone1,Botnets and Malware,Android Mega Tools Pack (Bugtroid),USD 3
g3cko,Botnets and Malware,Password Finder + Crack ! Latest - hack password,USD 2
bigone1,Botnets and Malware,DarkComet RAT,USD 1
topvendor,Botnets and Malware,"Remcos RAT 189,00 EURO for 100$",USD 100
wfowfo,Botnets and Malware,HACK PACK - GET FREE ACCOUNTS,EUR 25
g0ldenboy,Botnets and Malware,-== E-Mail Bombing Service ==-,USD 10
breadsdrugged,Botnets and Malware,The Most Powerful RAT 2021 Venom (550$) + Crypter + binder 100% undetectable + XMR silent miner,USD 190
g3cko,Botnets and Malware,Ultimate Hacking Toolz Collection,USD 2
bigone1,Botnets and Malware,Bitcoin Stealer + Address Generator (Very Easy Setup 2020),USD 1
thewizard,Botnets and Malware,The Complete Trojan Remover Final Cracked Version SND,USD 7
topvendor,Botnets and Malware,Dangerous RAT V5 - Remote Access Trojan,USD 100
topvendor,Botnets and Malware,Cracked Phoenix Keylogger more than 45Features Password Recovery Stealth Persistence,GBP 49
thewizard,Botnets and Malware,A Facebook Account Brute Checker,USD 7
equifax,Botnets and Malware,BTC ATM Malware - v2 Recoded,USD 8000
thewizard,Botnets and Malware,Hack iCloud and Access any Phone Bypass Passcodes,USD 10
eucarder,Botnets and Malware,12 Keyloggers - Perfect For Spying,USD 12
thewizard,Botnets and Malware,The Complete and Utter Dangerous Viruses Pack,USD 10
bluemarket,Botnets and Malware,Pony 2.2 HTTP Botnet + Tutorial,USD 4
wick7,Botnets and Malware,LimRAT Ransomware,USD 100
bluemarket,Botnets and Malware,Warbot Cracked,USD 6
bigone1,Botnets and Malware,Antidetect 7.3 + Fraudfox VM + Ccleaner Pro (2020),USD 7
wfowfo,Botnets and Malware,DroidJack - Android Remote Administration Tool,EUR 25
topvendor,Botnets and Malware,Cracked Phoenix Keylogger more than 45Features Password Recovery Stealth Persistence,GBP 49
bluemarket,Botnets and Malware,Botnet BlackNET - v3.7.0 Stable,USD 14
breadsdrugged,Botnets and Malware,The Most Powerful RAT 2021 Venom (550$) + Crypter + binder 100% undetectable + XMR silent miner,USD 190
wfowfo,Botnets and Malware,HACK PACK - GET FREE ACCOUNTS,EUR 25
g0ldenboy,Botnets and Malware,-== Bitcoin Stealer Mass address Generator + setup guide ==-,USD 3
topvendor,Botnets and Malware,Multi OS Rat android Linux Mac and Windows - All In One Very clean,EUR 120
topvendor,Botnets and Malware,Top used Andriod Trojan - Spy on Andriod users- Support Included,USD 129
topvendor,Botnets and Malware,Private Malware-Dropper - Full Source Code,GBP 49
equifax,Botnets and Malware,ATM Jackpotting Malware - NCR - NO USB ACCESS REQUIRED,USD 6000
rvaska,Botnets and Malware,FACEBOOK INSTAGRAM AMAZON PASSWORD HACKER,USD 4
g3cko,Botnets and Malware,Text Utils - hack and get any web database !,USD 21
eucarder,Botnets and Malware,Blackmail Bitcoin Ransomware (With Sourcecode),USD 16
