Vendor,Price,Category,Name,Sales,Views
excelllence,USD 2.50,VPN,[AUTO DISPATCH] ‚òÖ VPN ‚òÖ 2X NORD VPN ‚òÖ‚òÖ AUTO DELIVERY ‚òÖ,149,
LOSSANTOS,USD 1.99,Socks,[AUTO DISPATCH] 15 socks5/proxie providers- ( Instant Delivery ),88,
bulkversion,USD 3.99,VPN,Nord Vpn Account[LIFETIME]‚òÖ‚òÖ Auto Delivery‚òÖ‚òÖ,88,
Colombiaconnection,USD 2.98,VPN,[AUTO DISPATCH] NORDVPN.COM - PREMIUM ACCOUNT [Lifetimetime],56,
digitalworld,USD 2.99,VPN,-== Nord Vpn Premium account ==-,32,
LOSSANTOS,USD 1.99,Socks,[AUTO DISPATCH] Proxies Checkers And Grabbers (To Have Free Fresh Proxies),29,
trusteelucky,USD 8.00,Socks,[AUTO DISPATCH] BEST SOCKS5 SETTING & CONFIG FOR NOOB TO STAY HIDDEN+1 USA CC EXTRA FREE,21,
bulkversion,USD 2.99,VPN,Ipvanish Vpn Premium Account | LIFETIME |,18,
Colombiaconnection,USD 2.98,VPN,[AUTO DISPATCH] IPVANISH.COM VPN - PREMIUM ACCOUNT [Lifetime Account],16,
Colombiaconnection,USD 2.98,VPN,[AUTO DISPATCH] EXPRESSVPN.COM - PREMIUM ACCOUNT [Lifetime Account] (iOS/Android),15,
excelllence,USD 4.99,VPN,[AUTO DISPATCH] ‚òÖ VPN ‚òÖ 5X NORD VPN ‚òÖ‚òÖ AUTO DELIVERY ‚òÖ,12,
LOSSANTOS,USD 1.99,Hosting,[AUTO DISPATCH] Connecting to RDP the right WAY (Video Tutorial),11,
digitalworld,USD 9.99,Hosting,-== RDP with Admin Access WORLDWIDE ==-,11,
Swipper,USD 8.00,Hosting,RDP DEDICATED SERVER,10,
g3cko,USD 1.46,Other,[AUTO DISPATCH] WinRAR 5.30 Cracked 32 bit and 64 bit versions,10,
Telstra,USD 100.00,Shells,Australia - root servers - uid 0 - NEW 2024 - FRESH AU -,1,109.0
Telstra,USD 100.00,Shells,UK - root Servers - uid 0 - NEW 2024 - FRESH UK -,0,31.0
Telstra,USD 100.00,Shells,USA - root servers - uid 0 - NEW 2024 - FRESH USA -,0,41.0
Telstra,USD 50.00,Cpanels,Australia cPanels NEW 2024 - FRESH AU DATABASE -,3,84.0
Telstra,USD 50.00,Cpanels,USA cPanels NEW 2024 - FRESH USA DATABASE -,1,
Color,USD 2.10,Cpanels,Phishing cPanels Tutorial,1,37.0
thebankster,USD 30.00,Cpanels,CPANEL Premium Bulletproof 2024 USA AU CANADA,0,3.0
thebankster,USD 45.00,Cpanels,[AUTO DISPATCH] Premsocks Account lifetime Best proxy socks5 Anonymous high speed Vpn undetectable,0,5.0
Telstra,USD 3800.00,Cpanels,100 x Australian cPanels - BULK - NEW 2024 - FRESH AU DATABASE!,0,9.0
Telstra,USD 350.00,Cpanels,10 x USA cPanels NEW 2024 - FRESH USA DATABASE -,0,2.0
Telstra,USD 380.00,Cpanels,10 x Australia cPanels NEW 2024 - FRESH AU DATABASE -,0,1.0
Telstra,USD 390.00,Cpanels,10 x UK cPanels NEW 2024 - FRESH UK DATABASE -,0,1.0
thebankster,USD 30.00,Cpanels,CPANEL Premium Bulletproof 2024 USA AU CANADA,0,2.0
Telstra,USD 50.00,Cpanels,UK cPanels NEW 2024 - FRESH UK DATABASE -,0,31.0
bulkversion,USD 6.99,VPN,Vypr Vpn Account[LIFETIME],9,96.0
digitalworld,USD 2.99,VPN,-== IPvanish VPN account ==-,9,
digitalworld,USD 5.99,VPN,-== Surfshark Premium VPN ==-,8,
Colombiaconnection,USD 6.00,VPN,[AUTO DISPATCH] TUXLER.COM ‚Äì RESIDENTIAL VPN ‚Äì ‚òÖPREMIUM ACCOUNT‚òÖ [Lifetime Warranty],8,
digitalworld,USD 7.99,VPN,-== Mullvad VPN Premium Account ==-,8,
sillyg00se,USD 79.00,Socks,FACELESS.CC (Registration Closed)- HQ Residential socks 5 proxy *Activated Account*,7,
modestyv3,USD 1.00,Socks,[AUTO DISPATCH] Ultimate Proxy List: 30+ Providers üîí,7,
Colombiaconnection,USD 6.17,Socks,[AUTO DISPATCH] IronSocket VPN (SOCKS5) ‚òÖPREMIUM ACCOUNT‚òÖ [Lifetime Account],7,
Colombiaconnection,USD 7.98,VPN,[AUTO DISPATCH] PUREVPN.COM PREMIUM ACCOUNT -Lifetimetime-,7,
Colombiaconnection,USD 25.00,Socks,[AUTO DISPATCH] VN5SOCKS.NET - PREMIUM ACCOUNT -Lifetimetime-,6,
LOSSANTOS,USD 1.99,Other,[AUTO DISPATCH] Connecting to RDP the right WAY (Video Tutorial),5,
Colombiaconnection,USD 2.98,VPN,[AUTO DISPATCH] SURFSHARK.COM VPN [Lifetime Account],5,
bulkversion,USD 6.99,VPN,HideMyAss Vpn Premium Account | LIFETIME |,5,61.0
digitalworld,USD 6.49,VPN,-== ExpressVPN Mobile Account ==-,5,
iSellVerifiedAccounts,USD 6.90,Socks,[AUTO DISPATCH] 15 socks5/proxie providers 2023,4,
Colombiaconnection,USD 25.00,Socks,[AUTO DISPATCH] DICHVUSOCKS.US Account [LIFETIME WARRANTY],4,
Colombiaconnection,USD 11.70,Socks,[AUTO DISPATCH] TORGUARD.NET VPN+Proxy Bundle ‚òÖPREMIUM ACCOUNT‚òÖ [Lifetime Warranty],3,
thebankster,USD 12.00,Socks,[AUTO DISPATCH] xDEDIC RDP SOFTWARE + PATCHER + FULL RDP Video Tutorial,2,
TheWizards,USD 10.00,Socks,The Complete Video on How to Use Socks5,0,130.0
NetHN22,USD 10.00,Socks,[AUTO DISPATCH] PROXY_GRABBERS,0,65.0
fullzipp,USD 5.00,Socks,Chaining a Socks5 With Tor TUTORIAL,0,365.0
fullzipp,USD 5.00,Socks,PREMIUM SOCKS5 GUIDE,0,354.0
thebankster,USD 20.00,Socks,"FAST RDP for carding , hacking and FRAUD 100% UNDETECTABLE Residential Remote desktop",0,6.0
g3cko,USD 4.06,Other,[AUTO DISPATCH] iPhone Data Recovery Portable - hack iPhone !,4,
g3cko,USD 2.07,Other,[AUTO DISPATCH] Wise Care 365 Full,4,
modestyv3,USD 1.00,Other,[AUTO DISPATCH] üïµÔ∏è 2024's Top 6+ Antidetect Browsers Unveiled! üåêüîí,4,
Colombiaconnection,USD 7.98,VPN,[AUTO DISPATCH] EXPRESSVPN.COM - PREMIUM ACCOUNT [Lifetime Account] (MAC/Windows) License key,4,
digitalworld,USD 7.99,VPN,-== Cyberghost VPN Account ==-,4,
excelllence,USD 2.50,VPN,[AUTO DISPATCH] ‚òÖ VPN ‚òÖ 2X NORD VPN ‚òÖ‚òÖ AUTO DELIVERY ‚òÖ,4,
Colombiaconnection,USD 12.98,Hosting,[AUTO DISPATCH] KEEP2SHARE.CC - PREMIUM ACCOUNT [Lifetime Warranty],3,
Pixels,USD 170.00,Hosting,DEDICATED RDP - USA WINDOWS REMOTE DESKTOP SERVER - FULL ROOT ACCESS (1 YEAR SUBSCRIPTION),3,
digitalworld,USD 5.99,Hosting,-== Remote desktop Connections No Admin Access WORLDWIDE ==-,3,
g3cko,USD 1.98,Other,Change your MAC by one click - must have for secur,3,
fullzipp,USD 7.00,Other,RDP DEDICATED SERVER,3,
digitalworld,USD 4.99,VPN,-== PureVPN Premium Account ==-,3,
thebankster,USD 20.00,Socks,"FAST RDP for carding , hacking and FRAUD 100% UNDETECTABLE Residential Remote desktop",0,12.0
BestBuyVendor,USD 67.00,Socks,10x Live and active Residential Proxies,0,14.0
DakSowl,USD 25.99,Socks,RESIDENTIAL PROXIES/SOCKS5 SHOP,0,128.0
thebankster,USD 45.00,Socks,[AUTO DISPATCH] Premsocks Account lifetime Best proxy socks5 Anonymous high speed Vpn undetectable,0,3.0
Colombiaconnection,USD 21.00,Hosting,Azure Cloud Account Free Trial $200 Credit 30 Days [Personal Account],1,
Colombiaconnection,USD 43.00,Hosting,AWS Amazon Cloud Account Free Tier 64 VCPU 1 Year [Personal Account],1,31.0
Colombiaconnection,USD 15.00,Hosting,PREMIUMIZE.ME ‚òÖPREMIUM ACCOUNT‚òÖ [Lifetime Warranty],1,34.0
digitalworld,USD 5.99,Hosting,-== Vimeo Pro Account ==-,0,26.0
Colombiaconnection,USD 16.00,Hosting,Azure Cloud Account For Student $100 Credit 1 Year [Personal Account],0,3.0
Colombiaconnection,USD 3.98,VPN,[AUTO DISPATCH] HIDEMYASS.COM ‚Äì VPN ‚Äì ‚òÖPREMIUM ACCOUNT‚òÖ [Lifetime Warranty],3,30.0
Colombiaconnection,USD 11.70,VPN,[AUTO DISPATCH] TORGUARD.NET VPN+Proxy Bundle ‚òÖPREMIUM ACCOUNT‚òÖ [Lifetime Warranty],3,40.0
NetHN22,USD 70.00,Other,[AUTO DISPATCH] Signaling System 7 (SS7),2,121.0
LOSSANTOS,USD 2.99,Other,[AUTO DISPATCH] ANTIDETECT 7.3 + FRAUDFOX VM +4000Configs - ( Instant Delivery ),2,
trusteelucky,USD 8.00,Other,[AUTO DISPATCH] How To make at least $2000 weekly by carding WebApp +1 USA CC EXTRA FREE,2,
g3cko,USD 3.99,Other,[AUTO DISPATCH] Ultimate Antivirus Collection 2020 - all is here !,2,143.0
g3cko,USD 2.08,Other,MOBILedit Forensic - work like CIA,2,
Colombiaconnection,USD 6.17,VPN,[AUTO DISPATCH] IronSocket VPN (SOCKS5) ‚òÖPREMIUM ACCOUNT‚òÖ [Lifetime Account],2,
digitalworld,USD 3.99,VPN,-== Tunnelbear VPN Premium Account ==-,2,30.0
Colombiaconnection,USD 31.00,Hosting,Azure Cloud Account Pay As You Go [Personal Account],0,1.0
Colombiaconnection,USD 38.00,Hosting,AWS Amazon Cloud Account Free Tier 32 VCPU 1 Year [Personal Account],0,22.0
Colombiaconnection,USD 25.00,Hosting,AWS Amazon Cloud Account Free Tier 8 VCPU 1 Year [Personal Account],0,22.0
Colombiaconnection,USD 5.15,Hosting,[AUTO DISPATCH] DEPOSITEFILES.COM - PREMIUM ACCOUNT [Lifetime Warranty],0,36.0
Makekota,USD 66.00,Hosting,BUY: BULLETPROOF CPANEL TO HOST,0,165.0
Colombiaconnection,USD 19.00,Hosting,AWS Amazon Cloud Account Free Tier 5 VCPU 1 Year [Personal Account],0,18.0
Colombiaconnection,USD 15.00,Hosting,[AUTO DISPATCH] BAIXARPREMIUM.NET ‚òÖPREMIUM ACCOUNT‚òÖ [Lifetime Warranty],0,22.0
Broker01,USD 85.00,Hosting,[AUTO DISPATCH] RDP Multi Tool 2024,0,57.0
luomo,USD 2500.00,Hosting,[AUTO DISPATCH] Private Shop,0,101.0
g3cko,USD 1.56,Other,PC Privacy Shield Premium - FULL CRACKED,1,177.0
g3cko,USD 1.98,Other,Malwarebytes Anti-Malware - protect your PC,1,
g3cko,USD 1.98,Other,Recuva Professional - Technician cracked,1,122.0
trusteelucky,USD 8.00,Other,"[AUTO DISPATCH] HOW TO MAKE OVER $42,800 PER WEEK+1 USA CC EXTRA FREE",1,
Safety1st,USD 55.42,Other,128GB MicroSD card Tails linux LiveDrive - portable incognito operating system with EXTRAS,1,52.0
g3cko,USD 2.08,VPN,Professional VPN - Avira Phantom VPN Pro + Crack,1,146.0
TheWizards,USD 10.00,VPN,VyprVPN Premium VPN Account with Warranty,1,46.0
digitalworld,USD 2.99,VPN,-== Cloudflare 1.1.1.1 WARP+ VPN (12.000 TB) 5 DEVICES ==-,1,26.0
digitalworld,USD 4.99,VPN,-== Vypr VPN Premium Account ==-,1,22.0
digitalworld,USD 5.99,VPN,-== Hidemyass Vpn premium account ==-,1,
g3cko,USD 2.08,VPN,Stay Anonymous - Hide ALL IP 2017 Portable,1,
bulkversion,USD 7.99,VPN,Strong Vpn Account[LIFETIME],1,69.0
thebankster,USD 45.00,VPN,[AUTO DISPATCH] Premsocks Account lifetime Best proxy socks5 Anonymous high speed Vpn undetectable,1,
bulkversion,USD 7.99,VPN,Windscribe Vpn Premium Account | LIFETIME |,1,54.0
g3cko,USD 1.98,Other,NETGATE Registry Cleaner - clean all traces,0,105.0
g3cko,USD 10.40,Other,Avast Internet Security 2018 - Free until 2038,0,121.0
g3cko,USD 10.40,Other,Pack of Invisibility for Hackers,0,153.0
g3cko,USD 2.08,Other,Clean all traces - R-Wipe & Clean Corporate,0,197.0
TheWizards,USD 10.00,VPN,Express Premium VPN Account,1,
digitalworld,USD 5.99,VPN,-== Private Internet Access (PIA) VPN Premium Account ==-,1,35.0
g3cko,USD 2.08,Other,Avast Premier 2017 with licence key - stay safe !,0,131.0
g3cko,USD 2.08,Other,Destroy all tracks - Secure Eraser Professional,0,142.0
g3cko,USD 1.98,Other,Ashampoo Anti-Virus 2016 - Darknet security,0,89.0
g3cko,USD 2.08,Other,"MAC adress spoofing tool - easy , fast , secure !",0,156.0
g3cko,USD 10.40,Other,Which files were opened during your absence !,0,116.0
Color,USD 1.07,Other,XSS Security Days,0,81.0
trusteelucky,USD 8.00,Other,[AUTO DISPATCH] Wifi Password Auto Hack Soft With Tutorial- Works + 1 USA CC EXTRA FREE,0,56.0
trusteelucky,USD 8.00,Other,[AUTO DISPATCH] HOW TO NOT GET CAUGHT ON THE DARKNET+ 1 USA CC EXTRA FREE,0,47.0
BestBuyVendor,USD 63.00,Other,Dual Core Antiddos VPS (VIRTUAL PRIVATE NETWORK),0,10.0
fullzipp,USD 7.00,Other,X1 EMV SOFTWARE UNLIMITED - NO LICENCE NEEDED,0,210.0
fullzipp,USD 8.00,Other,Antidetect 7.3 + 7.1R + 4.000 Configs,0,103.0
Safety1st,USD 45.82,Other,32GB MicroSD card Tails linux LiveDrive - portable incognito operating system with EXTRAS!,0,39.0
Safety1st,USD 50.09,Other,64GB MicroSD card Tails linux LiveDrive - portable incognito operating system with EXTRAS!,0,35.0
Safety1st,USD 3.20,Other,[AUTO DISPATCH] How to Launder Your Dirty Money - Money Laundering - CLEAN WASH YOUR DIRTY MONEY,0,1.0
Safety1st,USD 60.75,Other,256GB MicroSD card Tails linux LiveDrive - portable incognito operating system with EXTRAS,0,0.0
Safety1st,USD 51.15,Other,128GB USB Flash Drive Kodachi Linux LiveDrive - PORTABLE INCOGNITO OS + EXTRAS!,0,0.0
Safety1st,USD 45.82,Other,32GB USB Flash Drive Kodachi Linux LiveDrive - PORTABLE INCOGNITO OS + EXTRAS!,0,0.0
Safety1st,USD 61.81,Other,256GB USB Flash Drive Kodachi Linux LiveDrive - PORTABLE INCOGNITO OS + EXTRAS!,0,0.0
Safety1st,USD 51.15,Other,64GB USB Flash Drive Kodachi Linux LiveDrive - PORTABLE INCOGNITO OS + EXTRAS!,0,0.0
g3cko,USD 3.02,Other,Leave no traces - Microsoft Office 2010 Portable !,0,127.0
Safety1st,USD 45.82,Other,32GB USB Flash Drive Tails Linux LiveDrive - portable incognito OS with EXTRAS!,0,1.0
Safety1st,USD 56.48,Other,128GB USB Flash Drive Tails Linux LiveDrive - portable incognito OS with EXTRAS!,0,2.0
Safety1st,USD 51.15,Other,64GB USB Flash Drive Tails Linux LiveDrive - portable incognito OS with EXTRAS!,0,1.0
Telstra,USD 2500.00,Other,100 x Australian SMTP servers BULK! NEW 2024 - FRESH AU DATABASE -,0,0.0
Telstra,USD 390.00,Other,10 x Australian SMTP servers NEW 2024 - FRESH AU DATABASE -,0,0.0
Telstra,USD 45.00,Other,Australian SMTP server NEW 2024 - FRESH AU DATABASE -,0,5.0
Telstra,USD 45.00,Other,UK SMTP server NEW 2024 - FRESH UK DATABASE -,0,2.0
Safety1st,USD 3.20,Other,[AUTO DISPATCH] Basic Mistakes That Lead To People Getting Arrested From Darknet,0,3.0
Telstra,USD 40.00,Other,USA SMTP server NEW 2024 - FRESH USA DATABASE -,0,5.0
Safety1st,USD 61.81,Other,256GB USB Flash Drive Tails Linux LiveDrive - portable incognito OS with EXTRAS!,0,2.0
BestBuyVendor,USD 77.00,Other,Live RDP (Remote Desktop Protocol) - 2 months Access,0,21.0
g3cko,USD 41.60,VPN,Learn everything about Proxy and become Anonymous,0,161.0
bulkversion,USD 7.99,VPN,Tiger Vpn Account[LIFETIME],0,37.0
NetHN22,USD 10.00,VPN,[AUTO DISPATCH] VPNs & SECURITY TOOLS,0,47.0
DakSowl,USD 14.01,VPN,U.S RDPs Logs Available. ||2WEEKS ACCESS,0,73.0
TheWizards,USD 10.00,VPN,IP Vanish Account with Warranty,0,57.0
TheWizards,USD 10.00,VPN,ZenMate Premium VPN Account,0,58.0
TheWizards,USD 10.00,VPN,IP Vanish VPN Account with Warranty,0,57.0
pornseller,USD 5.00,VPN,Windscribe VPN Pro Premium Account,0,115.0
bulkversion,USD 7.99,VPN,vpnunlimitedapp.com Premium Account [LIFETIME],0,38.0
g3cko,USD 10.40,VPN,Proton VPN Anonymously and Free without paying !,0,222.0
bulkversion,USD 7.99,VPN,Zenmate Vpn Account[LIFETIME],0,37.0
Topvendor,USD 35.49,VPN,HMA - Hide My Ass VPN Licence keys - Will be Auto Renewed,0,31.0
bulkversion,USD 6.99,VPN,SurfEasy Vpn Premium Account | LIFETIME |,0,35.0
bulkversion,USD 7.99,VPN,Unlocator.com Vpn Premium Account | LIFETIME |,0,43.0
trusteelucky,USD 8.00,VPN,[AUTO DISPATCH] SAFE VPN BEST SETTING METHOD FOR NOOB+1 USA CC EXTRA FREE,0,50.0
DakSowl,USD 25.00,VPN,U.S RDPs Logs Available. ||1MONTH ACCESS,0,19.0
digitalworld,USD 4.99,VPN,-== ZenmateVPN Premium Account ==-,0,16.0
digitalworld,USD 4.99,VPN,-== Windscribe VPN Premium Account ==-,0,14.0
digitalworld,USD 4.99,VPN,-== Seed4Me PREMIUM VPN Account ==-,0,15.0
digitalworld,USD 4.99,VPN,-== Browsec VPN PREMIUM Account ==-,0,10.0
digitalworld,USD 11.99,VPN,-== KEEPSOLID VPN UNLIMITED + RENEWAL Premium Account ==-,0,11.0
digitalworld,USD 10.99,VPN,-== AdGuard VPN for Android ==-,0,10.0
BestBuyVendor,USD 12.00,VPN,Nord VPN + Subscription,0,8.0
modestyv3,USD 4.00,VPN,ipvanish premium,0,7.0
BestBuyVendor,USD 55.00,VPN,Live RDP (Remote Desktop Protocol) - 2 months Access,0,13.0
trusteelucky,USD 8.00,VPN,[AUTO DISPATCH] BEST VIDEO How To Connect to RDP For 100% SUCCESS+1 USA CC EXTRA FREE,0,56.0
Colombiaconnection,USD 12.00,VPN,[AUTO DISPATCH] AIRVPN.ORG - ‚òÖPREMIUM ACCOUNT‚òÖ [Lifetime Warranty],0,14.0
bulkversion,USD 7.99,VPN,Tunnelbear Vpn Account[LIFETIME],0,38.0
TheWizards,USD 10.00,VPN,HideMyAss VPN Account,0,58.0
TheWizards,USD 10.00,VPN,Nord VPN Premium Account,0,62.0
excelllence,USD 4.99,VPN,[AUTO DISPATCH] ‚òÖ VPN ‚òÖ 5X NORD VPN ‚òÖ‚òÖ AUTO DELIVERY ‚òÖ,0,18.0
BestBuyVendor,USD 45.00,VPN,Live RDP (Remote Desktop Protocol) - 2 months Access,0,10.0
Colombiaconnection,USD 10.50,VPN,[AUTO DISPATCH] EXPRESSVPN.COM - PC/MAC KEY + MOBILE APP iOS/Android [Lifetime Account],0,20.0
BestBuyVendor,USD 35.00,VPN,10x Live Residential Proxies,0,15.0
digitalworld,USD 5.99,VPN,-== Hotspot Shield VPN Account ==-,0,13.0
DakSowl,USD 121.00,VPN,16GB RAM U.S RDPs Logs Available. ||1MONTH ACCESS,0,16.0
g3cko,USD 1.98,VPN,VPN software + step by step guide - stay safe !!!,0,185.0
